Protocollo;Gruppo;DataOraIncidente;Localizzazione1;STRADA1;Localizzazione2;STRADA2;Strada02;Chilometrica;DaSpecificare;NaturaIncidente;particolaritastrade;TipoStrada;FondoStradale;Pavimentazione;Segnaletica;CondizioneAtmosferica;Traffico;Visibilita;Illuminazione;NUM_FERITI;NUM_RISERVATA;NUM_MORTI;NUM_ILLESI;Longitudine;Latitudine;Confermato;Progressivo;TipoVeicolo;StatoVeicolo;TipoPersona;Sesso;Tipolesione;Deceduto;DecedutoDopo;CinturaCascoUtilizzato;Airbag;
4581832;12;02/10/2019 12:40:00;Strada Urbana;VIALE CRISTOFORO COLOMBO;da specificare;;;;dir. Roma, prossimit� P.le G. MARCONI;Veicolo in marcia contro veicoli in arresto;Rettilineo;Pi� di due carreggiate;Asciutto;Asfaltata;Verticale ed orizzontale;Sereno;Normale;Buona;Ore Diurne;1;0;0;5;12.4711;41.8333;-1;3;Autovettura privata;In marcia / fermata / arresto;Conducente;F;Illeso;0;;Non accertato;Inesploso
4581835;2;02/10/2019 06:00:00;Strada Urbana;VIA DI VILLA RUFFO;all'intersezione con;VIA ALBERTO FERRERO;VIA ALBERTO FERRERO;;;Veicolo in marcia contro ostacolo fisso;Incrocio;Una carreggiata a doppio senso;Asciutto;Asfaltata;Verticale ed orizzontale;Sereno;Scarso;Buona;Ore Diurne;0;0;0;1;12.4767;41.913;-1;1;Autocarro inferiore 35 q.;In marcia / fermata / arresto;Conducente;F;Illeso;0;;Non accertato;
4581836;2;02/10/2019 09:15:00;Strada Urbana;VIA NEMORENSE;in prossimit�;;del civico n.;98;;Scontro frontale/laterale DX fra veicoli in marcia;Rettilineo;Una carreggiata a doppio senso;Asciutto;Asfaltata;Verticale ed orizzontale;Sereno;Normale;Buona;Ore Diurne;1;0;0;1;12.512;41.9284;-1;1;Autovettura privata;In marcia / fermata / arresto;Conducente;M;Illeso;0;;Non accertato;Inesploso
4581836;2;02/10/2019 09:15:00;Strada Urbana;VIA NEMORENSE;in prossimit�;;del civico n.;98;;Scontro frontale/laterale DX fra veicoli in marcia;Rettilineo;Una carreggiata a doppio senso;Asciutto;Asfaltata;Verticale ed orizzontale;Sereno;Normale;Buona;Ore Diurne;1;0;0;1;12.512;41.9284;-1;2;Velocipede;In marcia / fermata / arresto;Conducente;M;Rimandato;0;NON DECEDUTO;Esente;
4581840;2;02/10/2019 11:55:00;Strada Urbana;VIALE SOMALIA;in prossimit�;;del civico n.;192;;Scontro laterale fra veicoli in marcia;Rettilineo;Una carreggiata a doppio senso;Asciutto;Asfaltata;Verticale ed orizzontale;Nuvoloso;Normale;Buona;Ore Diurne;0;0;0;3;12.5186;41.9347;-1;1;Autovettura privata;In marcia / fermata / arresto;Conducente;M;Illeso;0;;;
4581840;2;02/10/2019 11:55:00;Strada Urbana;VIALE SOMALIA;in prossimit�;;del civico n.;192;;Scontro laterale fra veicoli in marcia;Rettilineo;Una carreggiata a doppio senso;Asciutto;Asfaltata;Verticale ed orizzontale;Nuvoloso;Normale;Buona;Ore Diurne;0;0;0;3;12.5186;41.9347;-1;2;Autovettura privata;In marcia / fermata / arresto;Conducente;M;Illeso;0;;;
4581840;2;02/10/2019 11:55:00;Strada Urbana;VIALE SOMALIA;in prossimit�;;del civico n.;192;;Scontro laterale fra veicoli in marcia;Rettilineo;Una carreggiata a doppio senso;Asciutto;Asfaltata;Verticale ed orizzontale;Nuvoloso;Normale;Buona;Ore Diurne;0;0;0;3;12.5186;41.9347;-1;2;Autovettura privata;In marcia / fermata / arresto;Passeggero;F;Illeso;0;;Non accertato;Inesploso
4581842;2;02/10/2019 13:20:00;Strada Urbana;VIA GIAMBATTISTA VICO;all'intersezione con;VIA FRANCESCO CARRARA;VIA FRANCESCO CARRARA;;;Scontro laterale fra veicoli in marcia;Incrocio;Una carreggiata a doppio senso;Asciutto;Asfaltata;Verticale ed orizzontale;Nuvoloso;Normale;Buona;Ore Diurne;0;0;0;2;12.4746;41.9127;-1;1;Autobus di linea;In marcia / fermata / arresto;Conducente;M;Illeso;0;;Non accertato;Inesploso
4581842;2;02/10/2019 13:20:00;Strada Urbana;VIA GIAMBATTISTA VICO;all'intersezione con;VIA FRANCESCO CARRARA;VIA FRANCESCO CARRARA;;;Scontro laterale fra veicoli in marcia;Incrocio;Una carreggiata a doppio senso;Asciutto;Asfaltata;Verticale ed orizzontale;Nuvoloso;Normale;Buona;Ore Diurne;0;0;0;2;12.4746;41.9127;-1;2;Autovettura di polizia;In marcia / fermata / arresto;Conducente;M;Illeso;0;;;
4581848;2;02/10/2019 14:35:00;Strada Urbana;VIA CARLO ZECCHI;all'intersezione con;VIA SALARIA;VIA SALARIA;;;Scontro laterale fra veicoli in marcia;Incrocio;Una carreggiata a senso unico di marcia;Asciutto;Asfaltata;Verticale ed orizzontale;Nuvoloso;Normale;Buona;Ore Diurne;0;0;0;2;12.4965;41.9171;-1;1;Autocarro inferiore 35 q.;In marcia / fermata / arresto;Conducente;M;Illeso;0;;Non accertato;Inesploso
4581848;2;02/10/2019 14:35:00;Strada Urbana;VIA CARLO ZECCHI;all'intersezione con;VIA SALARIA;VIA SALARIA;;;Scontro laterale fra veicoli in marcia;Incrocio;Una carreggiata a senso unico di marcia;Asciutto;Asfaltata;Verticale ed orizzontale;Nuvoloso;Normale;Buona;Ore Diurne;0;0;0;2;12.4965;41.9171;-1;2;Autovettura pubblica;In marcia / fermata / arresto;Conducente;M;Illeso;0;;Non accertato;Inesploso
4581853;2;02/10/2019 17:40:00;Strada Urbana;VIA DEL FORO ITALICO;in prossimit�;;del civico n.;647;;Tamponamento;Rettilineo;Una carreggiata a senso unico di marcia;Bagnato (umidit� in atto);Asfaltata;Orizzontale;Nuvoloso;Intenso;Buona;Ore Diurne;1;0;0;1;12.504;41.939;-1;1;Motociclo a solo;In marcia / fermata / arresto;Conducente;M;Rimandato;0;NON DECEDUTO;Non accertato;
4581853;2;02/10/2019 17:40:00;Strada Urbana;VIA DEL FORO ITALICO;in prossimit�;;del civico n.;647;;Tamponamento;Rettilineo;Una carreggiata a senso unico di marcia;Bagnato (umidit� in atto);Asfaltata;Orizzontale;Nuvoloso;Intenso;Buona;Ore Diurne;1;0;0;1;12.504;41.939;-1;2;Autovettura privata;In marcia / fermata / arresto;Conducente;M;Illeso;0;;Non accertato;Inesploso
4581855;7;02/10/2019 22:20:00;Strada Urbana;PIAZZA DELLE CONIFERE;all'intersezione con;VIA DELLE ROBINIE;VIA DELLE ROBINIE;;;Scontro frontale/laterale SX fra veicoli in marcia;Incrocio;Una carreggiata a doppio senso;Asciutto;Asfaltata;Verticale ed orizzontale;Sereno;Normale;Buona;Sufficiente;0;0;0;4;12.5679;41.8826;-1;1;Autovettura privata;In marcia / fermata / arresto;Conducente;F;Illeso;0;;Non accertato;Inesploso
4581855;7;02/10/2019 22:20:00;Strada Urbana;PIAZZA DELLE CONIFERE;all'intersezione con;VIA DELLE ROBINIE;VIA DELLE ROBINIE;;;Scontro frontale/laterale SX fra veicoli in marcia;Incrocio;Una carreggiata a doppio senso;Asciutto;Asfaltata;Verticale ed orizzontale;Sereno;Normale;Buona;Sufficiente;0;0;0;4;12.5679;41.8826;-1;1;Autovettura privata;In marcia / fermata / arresto;Passeggero;F;Illeso;0;;Non accertato;Inesploso
4581855;7;02/10/2019 22:20:00;Strada Urbana;PIAZZA DELLE CONIFERE;all'intersezione con;VIA DELLE ROBINIE;VIA DELLE ROBINIE;;;Scontro frontale/laterale SX fra veicoli in marcia;Incrocio;Una carreggiata a doppio senso;Asciutto;Asfaltata;Verticale ed orizzontale;Sereno;Normale;Buona;Sufficiente;0;0;0;4;12.5679;41.8826;-1;1;Autovettura privata;In marcia / fermata / arresto;Passeggero;F;Illeso;0;;Non accertato;Inesploso
4581855;7;02/10/2019 22:20:00;Strada Urbana;PIAZZA DELLE CONIFERE;all'intersezione con;VIA DELLE ROBINIE;VIA DELLE ROBINIE;;;Scontro frontale/laterale SX fra veicoli in marcia;Incrocio;Una carreggiata a doppio senso;Asciutto;Asfaltata;Verticale ed orizzontale;Sereno;Normale;Buona;Sufficiente;0;0;0;4;12.5679;41.8826;-1;2;Autovettura privata;In marcia / fermata / arresto;Conducente;F;Illeso;0;;Non accertato;Inesploso
4581907;12;02/10/2019 19:20:00;Strada Urbana;VIA AUSTRALIA;all'intersezione con;VIALE DELL'UMANESIMO;VIALE DELL'UMANESIMO;;;Scontro frontale/laterale SX fra veicoli in marcia;Incrocio;Una carreggiata a doppio senso;Asciutto;Asfaltata;Verticale ed orizzontale;Sereno;Normale;Buona;Sufficiente;0;0;0;2;12.4699;41.8231;-1;1;Autovettura privata;In marcia / fermata / arresto;Conducente;M;Illeso;0;;Utilizzato;Inesploso
4581907;12;02/10/2019 19:20:00;Strada Urbana;VIA AUSTRALIA;all'intersezione con;VIALE DELL'UMANESIMO;VIALE DELL'UMANESIMO;;;Scontro frontale/laterale SX fra veicoli in marcia;Incrocio;Una carreggiata a doppio senso;Asciutto;Asfaltata;Verticale ed orizzontale;Sereno;Normale;Buona;Sufficiente;0;0;0;2;12.4699;41.8231;-1;2;Autovettura privata;In marcia / fermata / arresto;Conducente;M;Illeso;0;;Utilizzato;Inesploso
4581919;17;02/10/2019 12:20:00;Strada Urbana;LUNGOTEVERE VATICANO;da specificare;;;;sottopasso dir. Gregorio VII alt. svincolo;Veicolo in marcia contro veicolo arresto;Sottopasso illuminato;Una carreggiata a senso unico di marcia;Asciutto;Asfaltata;Assente;Nuvoloso;Intenso;Buona;Ore Diurne;0;0;0;5;12.4643;41.902;-1;1;Autovettura privata;In marcia / fermata / arresto;Conducente;F;Illeso;0;;;
4581919;17;02/10/2019 12:20:00;Strada Urbana;LUNGOTEVERE VATICANO;da specificare;;;;sottopasso dir. Gregorio VII alt. svincolo;Veicolo in marcia contro veicolo arresto;Sottopasso illuminato;Una carreggiata a senso unico di marcia;Asciutto;Asfaltata;Assente;Nuvoloso;Intenso;Buona;Ore Diurne;0;0;0;5;12.4643;41.902;-1;1;Autovettura privata;In marcia / fermata / arresto;Passeggero;M;Illeso;0;;;
4581919;17;02/10/2019 12:20:00;Strada Urbana;LUNGOTEVERE VATICANO;da specificare;;;;sottopasso dir. Gregorio VII alt. svincolo;Veicolo in marcia contro veicolo arresto;Sottopasso illuminato;Una carreggiata a senso unico di marcia;Asciutto;Asfaltata;Assente;Nuvoloso;Intenso;Buona;Ore Diurne;0;0;0;5;12.4643;41.902;-1;1;Autovettura privata;In marcia / fermata / arresto;Passeggero;F;Illeso;0;;;
4581919;17;02/10/2019 12:20:00;Strada Urbana;LUNGOTEVERE VATICANO;da specificare;;;;sottopasso dir. Gregorio VII alt. svincolo;Veicolo in marcia contro veicolo arresto;Sottopasso illuminato;Una carreggiata a senso unico di marcia;Asciutto;Asfaltata;Assente;Nuvoloso;Intenso;Buona;Ore Diurne;0;0;0;5;12.4643;41.902;-1;2;Autovettura privata;In marcia / fermata / arresto;Conducente;M;Illeso;0;;;
4581919;17;02/10/2019 12:20:00;Strada Urbana;LUNGOTEVERE VATICANO;da specificare;;;;sottopasso dir. Gregorio VII alt. svincolo;Veicolo in marcia contro veicolo arresto;Sottopasso illuminato;Una carreggiata a senso unico di marcia;Asciutto;Asfaltata;Assente;Nuvoloso;Intenso;Buona;Ore Diurne;0;0;0;5;12.4643;41.902;-1;2;Autovettura privata;In marcia / fermata / arresto;Passeggero;F;Illeso;0;;;
4581938;6;03/10/2019 10:00:00;Strada Urbana;VIA DEI LENTULI;all'intersezione con;LARGO DEI QUINTILI;LARGO DEI QUINTILI;;;Scontro laterale fra veicoli in marcia;Incrocio;Una carreggiata a senso unico di marcia;Asciutto;Asfaltata;Verticale ed orizzontale;Sereno;Normale;Buona;Ore Diurne;0;0;0;3;12.5473;41.8643;-1;1;Autovettura di polizia;In marcia / fermata / arresto;Conducente;M;Illeso;0;;Non accertato;Inesploso
4581938;6;03/10/2019 10:00:00;Strada Urbana;VIA DEI LENTULI;all'intersezione con;LARGO DEI QUINTILI;LARGO DEI QUINTILI;;;Scontro laterale fra veicoli in marcia;Incrocio;Una carreggiata a senso unico di marcia;Asciutto;Asfaltata;Verticale ed orizzontale;Sereno;Normale;Buona;Ore Diurne;0;0;0;3;12.5473;41.8643;-1;1;Autovettura di polizia;In marcia / fermata / arresto;Passeggero;M;Illeso;0;;Non accertato;Inesploso
4581938;6;03/10/2019 10:00:00;Strada Urbana;VIA DEI LENTULI;all'intersezione con;LARGO DEI QUINTILI;LARGO DEI QUINTILI;;;Scontro laterale fra veicoli in marcia;Incrocio;Una carreggiata a senso unico di marcia;Asciutto;Asfaltata;Verticale ed orizzontale;Sereno;Normale;Buona;Ore Diurne;0;0;0;3;12.5473;41.8643;-1;2;Autovettura privata;In marcia / fermata / arresto;Conducente;M;Illeso;0;;Non accertato;Inesploso
4581952;12;02/10/2019 09:30:00;Strada Urbana;VIA ROBERTO LORDI;da specificare;;;;fronte civico 28;Veicolo in marcia contro veicolo in sosta;Rettilineo;Una carreggiata a senso unico di marcia;Asciutto;Asfaltata;Verticale ed orizzontale;Sereno;Scarso;Buona;Ore Diurne;0;0;0;0;12.4423;41.8206;-1;1;Autovettura privata;Sosta;;;;;;;
4581980;9;02/10/2019 08:30:00;Strada Urbana;VIA GIOVANNI VILLANI;in prossimit�;;del civico n.;75;;Veicolo in marcia contro veicolo in sosta;Rettilineo;Una carreggiata a senso unico di marcia;Asciutto;Asfaltata;Assente;Sereno;Scarso;Buona;Ore Diurne;0;0;0;0;12.5175;41.8695;-1;1;Autovettura privata;Sosta;;;;;;;
4581980;9;02/10/2019 08:30:00;Strada Urbana;VIA GIOVANNI VILLANI;in prossimit�;;del civico n.;75;;Veicolo in marcia contro veicolo in sosta;Rettilineo;Una carreggiata a senso unico di marcia;Asciutto;Asfaltata;Assente;Sereno;Scarso;Buona;Ore Diurne;0;0;0;0;12.5175;41.8695;-1;2;Macchina operatrice;Allontanatosi;;;;;;;
4581989;17;02/10/2019 16:25:00;Strada Urbana;VIA ALESSANDRO FARNESE;all'intersezione con;VIALE GIULIO CESARE;VIALE GIULIO CESARE;;;Scontro frontale/laterale DX fra veicoli in marcia;Incrocio;Una carreggiata a senso unico di marcia;Asciutto;Asfaltata;Verticale ed orizzontale;Nuvoloso;Normale;Buona;Ore Diurne;0;0;0;2;12.4681;41.9103;-1;1;Autovettura privata;In marcia / fermata / arresto;Conducente;F;Illeso;0;;;
4581989;17;02/10/2019 16:25:00;Strada Urbana;VIA ALESSANDRO FARNESE;all'intersezione con;VIALE GIULIO CESARE;VIALE GIULIO CESARE;;;Scontro frontale/laterale DX fra veicoli in marcia;Incrocio;Una carreggiata a senso unico di marcia;Asciutto;Asfaltata;Verticale ed orizzontale;Nuvoloso;Normale;Buona;Ore Diurne;0;0;0;2;12.4681;41.9103;-1;2;Autovettura privata;In marcia / fermata / arresto;Conducente;M;Illeso;0;;;
4582005;17;02/10/2019 18:00:00;Strada Urbana;PIAZZALE DEGLI EROI;da specificare;;;;fronte civico 13;Veicolo in marcia contro veicolo fermo;Rettilineo;Pi� di due carreggiate;Asciutto;Asfaltata;Verticale ed orizzontale;Sereno;Scarso;Buona;Ore Diurne;0;0;0;2;12.4485;41.9091;-1;1;Autovettura privata;In marcia / fermata / arresto;Conducente;M;Illeso;0;;;
4582005;17;02/10/2019 18:00:00;Strada Urbana;PIAZZALE DEGLI EROI;da specificare;;;;fronte civico 13;Veicolo in marcia contro veicolo fermo;Rettilineo;Pi� di due carreggiate;Asciutto;Asfaltata;Verticale ed orizzontale;Sereno;Scarso;Buona;Ore Diurne;0;0;0;2;12.4485;41.9091;-1;2;Autovettura privata;In marcia / fermata / arresto;Conducente;F;Illeso;0;;;
4582010;17;02/10/2019 10:15:00;Strada Urbana;SOTTOPASSO LARGO GIOVANNI XXII;da specificare;;;;direzione Gregorio VII;Tamponamento;Curva senza visuale libera;Una carreggiata a senso unico di marcia;Bagnato (umidit� in atto);Asfaltata;Verticale ed orizzontale;Sereno;Normale;Buona;Ore Diurne;1;0;0;1;12.4644;41.9022;-1;1;Autocarro inferiore 35 q.;In marcia / fermata / arresto;Conducente;M;Illeso;0;;;
4582010;17;02/10/2019 10:15:00;Strada Urbana;SOTTOPASSO LARGO GIOVANNI XXII;da specificare;;;;direzione Gregorio VII;Tamponamento;Curva senza visuale libera;Una carreggiata a senso unico di marcia;Bagnato (umidit� in atto);Asfaltata;Verticale ed orizzontale;Sereno;Normale;Buona;Ore Diurne;1;0;0;1;12.4644;41.9022;-1;2;Motociclo con passeggero;In marcia / fermata / arresto;Conducente;M;Rimandato;0;NON DECEDUTO;;
4582011;1;02/10/2019 18:45:00;Strada Urbana;PIAZZA DI S. GIOVANNI IN LATERANO;da specificare;;;;scala santa;Scontro laterale fra veicoli in marcia;Curva a visuale libera;Una carreggiata a doppio senso;Asciutto;Asfaltata;Verticale ed orizzontale;Nuvoloso;Intenso;Buona;Ore Diurne;0;0;0;3;12.5065;41.887;-1;1;Autocarro inferiore 35 q.;In marcia / fermata / arresto;Conducente;M;Illeso;0;;Non accertato;Inesploso
4582011;1;02/10/2019 18:45:00;Strada Urbana;PIAZZA DI S. GIOVANNI IN LATERANO;da specificare;;;;scala santa;Scontro laterale fra veicoli in marcia;Curva a visuale libera;Una carreggiata a doppio senso;Asciutto;Asfaltata;Verticale ed orizzontale;Nuvoloso;Intenso;Buona;Ore Diurne;0;0;0;3;12.5065;41.887;-1;1;Autocarro inferiore 35 q.;In marcia / fermata / arresto;Passeggero;M;Illeso;0;;Non accertato;Inesploso
4582011;1;02/10/2019 18:45:00;Strada Urbana;PIAZZA DI S. GIOVANNI IN LATERANO;da specificare;;;;scala santa;Scontro laterale fra veicoli in marcia;Curva a visuale libera;Una carreggiata a doppio senso;Asciutto;Asfaltata;Verticale ed orizzontale;Nuvoloso;Intenso;Buona;Ore Diurne;0;0;0;3;12.5065;41.887;-1;2;Trattore stradale;In marcia / fermata / arresto;Conducente;M;Illeso;0;;Non accertato;Inesploso
4582011;1;02/10/2019 18:45:00;Strada Urbana;PIAZZA DI S. GIOVANNI IN LATERANO;da specificare;;;;scala santa;Scontro laterale fra veicoli in marcia;Curva a visuale libera;Una carreggiata a doppio senso;Asciutto;Asfaltata;Verticale ed orizzontale;Nuvoloso;Intenso;Buona;Ore Diurne;0;0;0;3;12.5065;41.887;-1;3;Rimorchio;In marcia / fermata / arresto;;;;;;;
4582029;1;02/10/2019 09:00:00;Strada Urbana;LUNGOTEVERE DEI FIORENTINI;all'intersezione con;PONTE VITTORIO EMANUELE II;PONTE VITTORIO EMANUELE II;;;Scontro laterale fra veicoli in marcia;Intersezione semaforizzata;Una carreggiata a senso unico di marcia;Asciutto;Asfaltata;Verticale ed orizzontale;Sereno;Intenso;Buona;Ore Diurne;0;0;0;2;12.4644;41.9003;-1;1;Motociclo a solo;In marcia / fermata / arresto;Conducente;M;Illeso;0;;;
4582029;1;02/10/2019 09:00:00;Strada Urbana;LUNGOTEVERE DEI FIORENTINI;all'intersezione con;PONTE VITTORIO EMANUELE II;PONTE VITTORIO EMANUELE II;;;Scontro laterale fra veicoli in marcia;Intersezione semaforizzata;Una carreggiata a senso unico di marcia;Asciutto;Asfaltata;Verticale ed orizzontale;Sereno;Intenso;Buona;Ore Diurne;0;0;0;2;12.4644;41.9003;-1;2;Autovettura privata;In marcia / fermata / arresto;Conducente;M;Illeso;0;;;
4582094;10;03/10/2019 11:35:00;Strada Urbana;VIA DI CASAL MORENA;in prossimit�;;del civico n.;8;;Tamponamento;Rettilineo;Una carreggiata a doppio senso;Asciutto;Asfaltata;Verticale ed orizzontale;Nuvoloso;Normale;Buona;Ore Diurne;0;0;0;3;12.6178;41.8304;-1;1;Autovettura privata;In marcia / fermata / arresto;Conducente;F;Illeso;0;;Non accertato;Inesploso
4582094;10;03/10/2019 11:35:00;Strada Urbana;VIA DI CASAL MORENA;in prossimit�;;del civico n.;8;;Tamponamento;Rettilineo;Una carreggiata a doppio senso;Asciutto;Asfaltata;Verticale ed orizzontale;Nuvoloso;Normale;Buona;Ore Diurne;0;0;0;3;12.6178;41.8304;-1;1;Autovettura privata;In marcia / fermata / arresto;Passeggero;F;Illeso;0;;Non accertato;Inesploso
4582094;10;03/10/2019 11:35:00;Strada Urbana;VIA DI CASAL MORENA;in prossimit�;;del civico n.;8;;Tamponamento;Rettilineo;Una carreggiata a doppio senso;Asciutto;Asfaltata;Verticale ed orizzontale;Nuvoloso;Normale;Buona;Ore Diurne;0;0;0;3;12.6178;41.8304;-1;2;Autovettura privata;In marcia / fermata / arresto;Conducente;F;Illeso;0;;Non accertato;Inesploso
4582172;12;03/10/2019 09:30:00;Strada Urbana;LARGO SRI LANKA;da specificare;;;;prossimit� viale Africa;Scontro laterale fra veicoli in marcia;Rettilineo;Una carreggiata a doppio senso;Asciutto;Asfaltata;Verticale ed orizzontale;Sereno;Normale;Buona;Ore Diurne;0;0;0;2;12.4721;41.8254;-1;1;Autovettura privata;In marcia / fermata / arresto;Conducente;M;Illeso;0;;Non accertato;Inesploso
4582172;12;03/10/2019 09:30:00;Strada Urbana;LARGO SRI LANKA;da specificare;;;;prossimit� viale Africa;Scontro laterale fra veicoli in marcia;Rettilineo;Una carreggiata a doppio senso;Asciutto;Asfaltata;Verticale ed orizzontale;Sereno;Normale;Buona;Ore Diurne;0;0;0;2;12.4721;41.8254;-1;2;Autobus di linea;In marcia / fermata / arresto;Conducente;M;Illeso;0;;Esente;Inesploso
4582209;9;03/10/2019 08:45:00;Strada Urbana;VIA LA SPEZIA;all'intersezione semaforizzata con;VIA NOLA;VIA NOLA;;;Scontro frontale/laterale DX fra veicoli in marcia;Intersezione semaforizzata;Una carreggiata a doppio senso;Asciutto;Asfaltata;Verticale ed orizzontale;Sereno;Normale;Buona;Ore Diurne;1;0;0;1;12.5148;41.8874;-1;1;Autovettura privata;In marcia / fermata / arresto;Conducente;M;Illeso;0;;Non accertato;Inesploso
4582209;9;03/10/2019 08:45:00;Strada Urbana;VIA LA SPEZIA;all'intersezione semaforizzata con;VIA NOLA;VIA NOLA;;;Scontro frontale/laterale DX fra veicoli in marcia;Intersezione semaforizzata;Una carreggiata a doppio senso;Asciutto;Asfaltata;Verticale ed orizzontale;Sereno;Normale;Buona;Ore Diurne;1;0;0;1;12.5148;41.8874;-1;2;Velocipede;In marcia / fermata / arresto;Conducente;M;Rimandato;0;NON DECEDUTO;Esente;
4582214;9;03/10/2019 10:30:00;Strada Urbana;PIAZZA ARMENIA;in corrispondenza;;del civico n.;13;;Scontro laterale fra veicoli in marcia;Rettilineo;Una carreggiata a doppio senso;Asciutto;Asfaltata;Verticale ed orizzontale;Sereno;Normale;Buona;Ore Diurne;0;0;0;2;12.5081;41.8782;-1;1;Autocarro inferiore 35 q.;In marcia / fermata / arresto;Conducente;M;Illeso;0;;Non accertato;Inesploso
4582214;9;03/10/2019 10:30:00;Strada Urbana;PIAZZA ARMENIA;in corrispondenza;;del civico n.;13;;Scontro laterale fra veicoli in marcia;Rettilineo;Una carreggiata a doppio senso;Asciutto;Asfaltata;Verticale ed orizzontale;Sereno;Normale;Buona;Ore Diurne;0;0;0;2;12.5081;41.8782;-1;2;Autovettura privata;In marcia / fermata / arresto;Conducente;M;Illeso;0;;Utilizzato;Inesploso
4582219;9;03/10/2019 11:20:00;Strada Urbana;PIAZZA EPIRO;all'intersezione con;VIA BEATA MARIA DE MATTIAS;VIA BEATA MARIA DE MATTIAS;;;Scontro frontale/laterale DX fra veicoli in marcia;Intersezione stradale segnalata;Una carreggiata a senso unico di marcia;Asciutto;Asfaltata;Verticale ed orizzontale;Nuvoloso;Normale;Buona;Ore Diurne;0;0;0;4;12.5042;41.8788;-1;1;Autovettura privata;In marcia / fermata / arresto;Conducente;F;Illeso;0;;Non accertato;Inesploso
4582219;9;03/10/2019 11:20:00;Strada Urbana;PIAZZA EPIRO;all'intersezione con;VIA BEATA MARIA DE MATTIAS;VIA BEATA MARIA DE MATTIAS;;;Scontro frontale/laterale DX fra veicoli in marcia;Intersezione stradale segnalata;Una carreggiata a senso unico di marcia;Asciutto;Asfaltata;Verticale ed orizzontale;Nuvoloso;Normale;Buona;Ore Diurne;0;0;0;4;12.5042;41.8788;-1;1;Autovettura privata;In marcia / fermata / arresto;Passeggero;F;Illeso;0;;Non accertato;Inesploso
4582219;9;03/10/2019 11:20:00;Strada Urbana;PIAZZA EPIRO;all'intersezione con;VIA BEATA MARIA DE MATTIAS;VIA BEATA MARIA DE MATTIAS;;;Scontro frontale/laterale DX fra veicoli in marcia;Intersezione stradale segnalata;Una carreggiata a senso unico di marcia;Asciutto;Asfaltata;Verticale ed orizzontale;Nuvoloso;Normale;Buona;Ore Diurne;0;0;0;4;12.5042;41.8788;-1;1;Autovettura privata;In marcia / fermata / arresto;Passeggero;F;Illeso;0;;Non accertato;Inesploso
4582219;9;03/10/2019 11:20:00;Strada Urbana;PIAZZA EPIRO;all'intersezione con;VIA BEATA MARIA DE MATTIAS;VIA BEATA MARIA DE MATTIAS;;;Scontro frontale/laterale DX fra veicoli in marcia;Intersezione stradale segnalata;Una carreggiata a senso unico di marcia;Asciutto;Asfaltata;Verticale ed orizzontale;Nuvoloso;Normale;Buona;Ore Diurne;0;0;0;4;12.5042;41.8788;-1;2;Autovettura privata;In marcia / fermata / arresto;Conducente;F;Illeso;0;;Non accertato;Inesploso
4582231;2;03/10/2019 09:40:00;Strada Urbana;LUNGOTEVERE FLAMINIO;da specificare;;;;altezza Via dei Tadolini;Scontro frontale/laterale SX fra veicoli in marcia;Curva a visuale libera;Una carreggiata a doppio senso;Asciutto;Asfaltata;Verticale ed orizzontale;Sereno;Normale;Buona;Ore Diurne;1;0;0;1;12.4615;41.9289;-1;1;Autovettura privata;In marcia / fermata / arresto;Conducente;F;Illeso;0;;;
4582231;2;03/10/2019 09:40:00;Strada Urbana;LUNGOTEVERE FLAMINIO;da specificare;;;;altezza Via dei Tadolini;Scontro frontale/laterale SX fra veicoli in marcia;Curva a visuale libera;Una carreggiata a doppio senso;Asciutto;Asfaltata;Verticale ed orizzontale;Sereno;Normale;Buona;Ore Diurne;1;0;0;1;12.4615;41.9289;-1;2;Motociclo a solo;In marcia / fermata / arresto;Conducente;M;Ricoverato;0;NON DECEDUTO;Non accertato;
4582231;2;03/10/2019 09:40:00;Strada Urbana;LUNGOTEVERE FLAMINIO;da specificare;;;;altezza Via dei Tadolini;Scontro frontale/laterale SX fra veicoli in marcia;Curva a visuale libera;Una carreggiata a doppio senso;Asciutto;Asfaltata;Verticale ed orizzontale;Sereno;Normale;Buona;Ore Diurne;1;0;0;1;12.4615;41.9289;-1;3;Autovettura privata;Sosta;;;;;;;
4582250;7;01/10/2019 15:20:00;Strada Urbana;VIA DEGLI OLMI;in corrispondenza;;del civico n.;67;;Veicolo in marcia contro veicolo fermo;Rettilineo;Una carreggiata a senso unico di marcia;Asciutto;Asfaltata;Verticale ed orizzontale;Sereno;Normale;Buona;Ore Diurne;1;0;0;2;12.5774;41.8789;-1;1;Autovettura privata;In marcia / fermata / arresto;Conducente;F;Illeso;0;;Non accertato;Inesploso