Protocollo;Gruppo;DataOraIncidente;Localizzazione1;STRADA1;Localizzazione2;STRADA2;Strada02;Chilometrica;DaSpecificare;NaturaIncidente;particolaritastrade;TipoStrada;FondoStradale;Pavimentazione;Segnaletica;CondizioneAtmosferica;Traffico;Visibilita;Illuminazione;NUM_FERITI;NUM_RISERVATA;NUM_MORTI;NUM_ILLESI;Longitudine;Latitudine;Confermato;Progressivo;TipoVeicolo;StatoVeicolo;TipoPersona;Sesso;Tipolesione;Deceduto;DecedutoDopo;CinturaCascoUtilizzato;Airbag;
4587515;5;06/10/2019 14:50:00;Strada Urbana;NUOVA CIRCONVALLAZIONE INTERNA;da specificare;;;;direzione Salaria uscita "Camesena";Veicolo in marcia contro ostacolo fisso;Galleria illuminata;Una carreggiata a senso unico di marcia;Asciutto;Asfaltata;Verticale ed orizzontale;Sereno;Normale;Buona;Ore Diurne;0;0;0;5;12.5343;41.9084;-1;1;Autovettura privata;In marcia / fermata / arresto;Conducente;M;Illeso;0;;Non accertato;
4587515;5;06/10/2019 14:50:00;Strada Urbana;NUOVA CIRCONVALLAZIONE INTERNA;da specificare;;;;direzione Salaria uscita "Camesena";Veicolo in marcia contro ostacolo fisso;Galleria illuminata;Una carreggiata a senso unico di marcia;Asciutto;Asfaltata;Verticale ed orizzontale;Sereno;Normale;Buona;Ore Diurne;0;0;0;5;12.5343;41.9084;-1;1;Autovettura privata;In marcia / fermata / arresto;Passeggero;F;Illeso;0;;Non accertato;
4587515;5;06/10/2019 14:50:00;Strada Urbana;NUOVA CIRCONVALLAZIONE INTERNA;da specificare;;;;direzione Salaria uscita "Camesena";Veicolo in marcia contro ostacolo fisso;Galleria illuminata;Una carreggiata a senso unico di marcia;Asciutto;Asfaltata;Verticale ed orizzontale;Sereno;Normale;Buona;Ore Diurne;0;0;0;5;12.5343;41.9084;-1;1;Autovettura privata;In marcia / fermata / arresto;Passeggero;F;Illeso;0;;Non accertato;Inesploso
4587515;5;06/10/2019 14:50:00;Strada Urbana;NUOVA CIRCONVALLAZIONE INTERNA;da specificare;;;;direzione Salaria uscita "Camesena";Veicolo in marcia contro ostacolo fisso;Galleria illuminata;Una carreggiata a senso unico di marcia;Asciutto;Asfaltata;Verticale ed orizzontale;Sereno;Normale;Buona;Ore Diurne;0;0;0;5;12.5343;41.9084;-1;1;Autovettura privata;In marcia / fermata / arresto;Passeggero;M;Illeso;0;;Non accertato;
4587524;5;04/10/2019 17:45:00;Strada Urbana;VIA MATTEO TONDI;all'intersezione con;VIA LUDOVICO PASINI;VIA LUDOVICO PASINI;;;Scontro frontale/laterale DX fra veicoli in marcia;Incrocio;Una carreggiata a doppio senso;Asciutto;Asfaltata;Verticale ed orizzontale;Sereno;Normale;Buona;Ore Diurne;1;0;0;3;12.5577;41.918;-1;1;Autovettura privata;In marcia / fermata / arresto;Conducente;M;Ricoverato;0;NON DECEDUTO;Non accertato;Inesploso
4587524;5;04/10/2019 17:45:00;Strada Urbana;VIA MATTEO TONDI;all'intersezione con;VIA LUDOVICO PASINI;VIA LUDOVICO PASINI;;;Scontro frontale/laterale DX fra veicoli in marcia;Incrocio;Una carreggiata a doppio senso;Asciutto;Asfaltata;Verticale ed orizzontale;Sereno;Normale;Buona;Ore Diurne;1;0;0;3;12.5577;41.918;-1;2;Autovettura privata;In marcia / fermata / arresto;Conducente;M;Illeso;0;;Non accertato;Inesploso
4587524;5;04/10/2019 17:45:00;Strada Urbana;VIA MATTEO TONDI;all'intersezione con;VIA LUDOVICO PASINI;VIA LUDOVICO PASINI;;;Scontro frontale/laterale DX fra veicoli in marcia;Incrocio;Una carreggiata a doppio senso;Asciutto;Asfaltata;Verticale ed orizzontale;Sereno;Normale;Buona;Ore Diurne;1;0;0;3;12.5577;41.918;-1;2;Autovettura privata;In marcia / fermata / arresto;Passeggero;F;Illeso;0;;Non accertato;Inesploso
4587524;5;04/10/2019 17:45:00;Strada Urbana;VIA MATTEO TONDI;all'intersezione con;VIA LUDOVICO PASINI;VIA LUDOVICO PASINI;;;Scontro frontale/laterale DX fra veicoli in marcia;Incrocio;Una carreggiata a doppio senso;Asciutto;Asfaltata;Verticale ed orizzontale;Sereno;Normale;Buona;Ore Diurne;1;0;0;3;12.5577;41.918;-1;2;Autovettura privata;In marcia / fermata / arresto;Passeggero;F;Illeso;0;;Non accertato;Inesploso
4587592;7;04/10/2019 14:30:00;Strada Urbana;VIA DEI CICLAMINI;in corrispondenza;;del civico n.;218;;Scontro frontale/laterale SX fra veicoli in marcia;Rettilineo;Una carreggiata a doppio senso;Asciutto;Asfaltata;Verticale ed orizzontale;Sereno;Normale;Buona;Ore Diurne;0;0;0;2;12.5649;41.8946;-1;1;Autovettura privata;In marcia / fermata / arresto;Conducente;M;Illeso;0;;Non accertato;Inesploso
4587592;7;04/10/2019 14:30:00;Strada Urbana;VIA DEI CICLAMINI;in corrispondenza;;del civico n.;218;;Scontro frontale/laterale SX fra veicoli in marcia;Rettilineo;Una carreggiata a doppio senso;Asciutto;Asfaltata;Verticale ed orizzontale;Sereno;Normale;Buona;Ore Diurne;0;0;0;2;12.5649;41.8946;-1;2;Autovettura privata;In marcia / fermata / arresto;Conducente;F;Illeso;0;;Non accertato;Inesploso
4587858;11;06/10/2019 09:00:00;Strada Urbana;VIA OSTIENSE;all'intersezione semaforizzata con;PIAZZALE OSTIENSE;PIAZZALE OSTIENSE;;;Investimento di pedone;Intersezione semaforizzata;Pi� di due carreggiate;Asciutto;Asfaltata;Verticale ed orizzontale;Sereno;Normale;Buona;Ore Diurne;1;0;0;1;12.4809;41.8757;-1;;;;Pedone;F;Rimandato;0;NON DECEDUTO;;
4587858;11;06/10/2019 09:00:00;Strada Urbana;VIA OSTIENSE;all'intersezione semaforizzata con;PIAZZALE OSTIENSE;PIAZZALE OSTIENSE;;;Investimento di pedone;Intersezione semaforizzata;Pi� di due carreggiate;Asciutto;Asfaltata;Verticale ed orizzontale;Sereno;Normale;Buona;Ore Diurne;1;0;0;1;12.4809;41.8757;-1;1;Autovettura privata;In marcia / fermata / arresto;Conducente;F;Illeso;0;;;
4587912;7;06/10/2019 17:00:00;Strada Urbana;VIA DEI GLICINI;in corrispondenza;;del civico n.;20;;Veicolo in marcia contro veicoli in sosta;Rettilineo;Una carreggiata a doppio senso;Asciutto;Asfaltata;Orizzontale;Sereno;Normale;Buona;Ore Diurne;0;0;0;1;12.5612;41.8796;-1;1;Autovettura privata;In marcia / fermata / arresto;Conducente;M;Illeso;0;;Non accertato;Inesploso
4587912;7;06/10/2019 17:00:00;Strada Urbana;VIA DEI GLICINI;in corrispondenza;;del civico n.;20;;Veicolo in marcia contro veicoli in sosta;Rettilineo;Una carreggiata a doppio senso;Asciutto;Asfaltata;Orizzontale;Sereno;Normale;Buona;Ore Diurne;0;0;0;1;12.5612;41.8796;-1;2;Autovettura privata;Sosta;;;;;;;
4587912;7;06/10/2019 17:00:00;Strada Urbana;VIA DEI GLICINI;in corrispondenza;;del civico n.;20;;Veicolo in marcia contro veicoli in sosta;Rettilineo;Una carreggiata a doppio senso;Asciutto;Asfaltata;Orizzontale;Sereno;Normale;Buona;Ore Diurne;0;0;0;1;12.5612;41.8796;-1;3;Autovettura privata;Sosta;;;;;;;
4587912;7;06/10/2019 17:00:00;Strada Urbana;VIA DEI GLICINI;in corrispondenza;;del civico n.;20;;Veicolo in marcia contro veicoli in sosta;Rettilineo;Una carreggiata a doppio senso;Asciutto;Asfaltata;Orizzontale;Sereno;Normale;Buona;Ore Diurne;0;0;0;1;12.5612;41.8796;-1;4;Autovettura privata;Sosta;;;;;;;
4587912;7;06/10/2019 17:00:00;Strada Urbana;VIA DEI GLICINI;in corrispondenza;;del civico n.;20;;Veicolo in marcia contro veicoli in sosta;Rettilineo;Una carreggiata a doppio senso;Asciutto;Asfaltata;Orizzontale;Sereno;Normale;Buona;Ore Diurne;0;0;0;1;12.5612;41.8796;-1;5;Autovettura privata;Sosta;;;;;;;
4587912;7;06/10/2019 17:00:00;Strada Urbana;VIA DEI GLICINI;in corrispondenza;;del civico n.;20;;Veicolo in marcia contro veicoli in sosta;Rettilineo;Una carreggiata a doppio senso;Asciutto;Asfaltata;Orizzontale;Sereno;Normale;Buona;Ore Diurne;0;0;0;1;12.5612;41.8796;-1;6;Autovettura privata;Sosta;;;;;;;
4587914;6;06/10/2019 12:30:00;Strada Urbana;VIA PRENESTINA;da specificare;;;;direzione centro fronte Via G. Brancaleone;Scontro laterale fra veicoli in marcia;Rettilineo;Due carreggiate;Asciutto;Asfaltata;Verticale;Sereno;Scarso;Buona;Ore Diurne;0;0;0;4;12.5303;41.8919;-1;1;Autovettura privata;In marcia / fermata / arresto;Conducente;M;Illeso;0;;;
4587914;6;06/10/2019 12:30:00;Strada Urbana;VIA PRENESTINA;da specificare;;;;direzione centro fronte Via G. Brancaleone;Scontro laterale fra veicoli in marcia;Rettilineo;Due carreggiate;Asciutto;Asfaltata;Verticale;Sereno;Scarso;Buona;Ore Diurne;0;0;0;4;12.5303;41.8919;-1;2;Autovettura privata;In marcia / fermata / arresto;Conducente;M;Illeso;0;;;
4587914;6;06/10/2019 12:30:00;Strada Urbana;VIA PRENESTINA;da specificare;;;;direzione centro fronte Via G. Brancaleone;Scontro laterale fra veicoli in marcia;Rettilineo;Due carreggiate;Asciutto;Asfaltata;Verticale;Sereno;Scarso;Buona;Ore Diurne;0;0;0;4;12.5303;41.8919;-1;3;Autovettura privata;In marcia / fermata / arresto;Conducente;M;Illeso;0;;;
4587914;6;06/10/2019 12:30:00;Strada Urbana;VIA PRENESTINA;da specificare;;;;direzione centro fronte Via G. Brancaleone;Scontro laterale fra veicoli in marcia;Rettilineo;Due carreggiate;Asciutto;Asfaltata;Verticale;Sereno;Scarso;Buona;Ore Diurne;0;0;0;4;12.5303;41.8919;-1;3;Autovettura privata;In marcia / fermata / arresto;Passeggero;F;Illeso;0;;;Inesploso
4587916;8;06/10/2019 12:30:00;Strada Urbana;VIA DI LUNGHEZZINA;in corrispondenza;;del palo luce n.;316;;Scontro laterale fra veicoli in marcia;Curva a visuale libera;Una carreggiata a doppio senso;Asciutto;Asfaltata;Orizzontale;Sereno;Scarso;Buona;Ore Diurne;4;0;0;0;12.708;41.9293;-1;1;Autovettura privata;In marcia / fermata / arresto;Conducente;M;Rimandato;0;NON DECEDUTO;;
4587916;8;06/10/2019 12:30:00;Strada Urbana;VIA DI LUNGHEZZINA;in corrispondenza;;del palo luce n.;316;;Scontro laterale fra veicoli in marcia;Curva a visuale libera;Una carreggiata a doppio senso;Asciutto;Asfaltata;Orizzontale;Sereno;Scarso;Buona;Ore Diurne;4;0;0;0;12.708;41.9293;-1;2;Motociclo con passeggero;In marcia / fermata / arresto;Conducente;M;Rimandato;0;NON DECEDUTO;;
4587916;8;06/10/2019 12:30:00;Strada Urbana;VIA DI LUNGHEZZINA;in corrispondenza;;del palo luce n.;316;;Scontro laterale fra veicoli in marcia;Curva a visuale libera;Una carreggiata a doppio senso;Asciutto;Asfaltata;Orizzontale;Sereno;Scarso;Buona;Ore Diurne;4;0;0;0;12.708;41.9293;-1;3;Autocaravan;In marcia / fermata / arresto;Conducente;M;Rifiuta cure immediate;0;NON DECEDUTO;;
4587916;8;06/10/2019 12:30:00;Strada Urbana;VIA DI LUNGHEZZINA;in corrispondenza;;del palo luce n.;316;;Scontro laterale fra veicoli in marcia;Curva a visuale libera;Una carreggiata a doppio senso;Asciutto;Asfaltata;Orizzontale;Sereno;Scarso;Buona;Ore Diurne;4;0;0;0;12.708;41.9293;-1;3;Autocaravan;In marcia / fermata / arresto;Passeggero;F;Rifiuta cure immediate;0;NON DECEDUTO;;
4587921;8;07/10/2019 04:10:00;Strada Urbana;VIA ALFONSO ALBERGHETTI;all'intersezione con;VIA CRISTOFANO ROBETTA;VIA CRISTOFANO ROBETTA;;;Scontro frontale fra veicoli in marcia;Incrocio;Due carreggiate;Asciutto;Asfaltata;Verticale ed orizzontale;Nuvoloso;Scarso;Buona;Sufficiente;2;0;0;2;12.6243;41.8679;-1;1;Autovettura privata;In marcia / fermata / arresto;Conducente;M;Illeso;0;;;
4587921;8;07/10/2019 04:10:00;Strada Urbana;VIA ALFONSO ALBERGHETTI;all'intersezione con;VIA CRISTOFANO ROBETTA;VIA CRISTOFANO ROBETTA;;;Scontro frontale fra veicoli in marcia;Incrocio;Due carreggiate;Asciutto;Asfaltata;Verticale ed orizzontale;Nuvoloso;Scarso;Buona;Sufficiente;2;0;0;2;12.6243;41.8679;-1;1;Autovettura privata;In marcia / fermata / arresto;Passeggero;M;Rimandato;0;NON DECEDUTO;;
4587921;8;07/10/2019 04:10:00;Strada Urbana;VIA ALFONSO ALBERGHETTI;all'intersezione con;VIA CRISTOFANO ROBETTA;VIA CRISTOFANO ROBETTA;;;Scontro frontale fra veicoli in marcia;Incrocio;Due carreggiate;Asciutto;Asfaltata;Verticale ed orizzontale;Nuvoloso;Scarso;Buona;Sufficiente;2;0;0;2;12.6243;41.8679;-1;1;Autovettura privata;In marcia / fermata / arresto;Passeggero;M;Rimandato;0;NON DECEDUTO;;
4587921;8;07/10/2019 04:10:00;Strada Urbana;VIA ALFONSO ALBERGHETTI;all'intersezione con;VIA CRISTOFANO ROBETTA;VIA CRISTOFANO ROBETTA;;;Scontro frontale fra veicoli in marcia;Incrocio;Due carreggiate;Asciutto;Asfaltata;Verticale ed orizzontale;Nuvoloso;Scarso;Buona;Sufficiente;2;0;0;2;12.6243;41.8679;-1;2;Autovettura privata;In marcia / fermata / arresto;Conducente;F;Illeso;0;;;
4587928;11;06/10/2019 02:00:00;Strada Urbana;VIA GIUSEPPE CERBARA;in corrispondenza;;del civico n.;32;;Veicolo in marcia contro veicoli in sosta;Rettilineo;Una carreggiata a senso unico di marcia;Asciutto;Asfaltata;Verticale ed orizzontale;Sereno;Scarso;Buona;Sufficiente;0;0;0;0;12.5017;41.8545;-1;1;Autovettura privata;Sosta;;;;;;;
4587939;11;06/10/2019 14:30:00;Strada Urbana;CIRCONVALLAZIONE OSTIENSE;da specificare;;;;VIA PADRE REGINALDO GIULIANI;Scontro laterale fra veicoli in marcia;Rettilineo;Due carreggiate;Asciutto;Asfaltata;Verticale ed orizzontale;Sereno;Scarso;Buona;Ore Diurne;0;0;0;7;12.4932;41.8671;-1;1;Autovettura privata;In marcia / fermata / arresto;Conducente;M;Illeso;0;;;
4587939;11;06/10/2019 14:30:00;Strada Urbana;CIRCONVALLAZIONE OSTIENSE;da specificare;;;;VIA PADRE REGINALDO GIULIANI;Scontro laterale fra veicoli in marcia;Rettilineo;Due carreggiate;Asciutto;Asfaltata;Verticale ed orizzontale;Sereno;Scarso;Buona;Ore Diurne;0;0;0;7;12.4932;41.8671;-1;1;Autovettura privata;In marcia / fermata / arresto;Passeggero;F;Illeso;0;;;
4587939;11;06/10/2019 14:30:00;Strada Urbana;CIRCONVALLAZIONE OSTIENSE;da specificare;;;;VIA PADRE REGINALDO GIULIANI;Scontro laterale fra veicoli in marcia;Rettilineo;Due carreggiate;Asciutto;Asfaltata;Verticale ed orizzontale;Sereno;Scarso;Buona;Ore Diurne;0;0;0;7;12.4932;41.8671;-1;1;Autovettura privata;In marcia / fermata / arresto;Passeggero;M;Illeso;0;;;
4587939;11;06/10/2019 14:30:00;Strada Urbana;CIRCONVALLAZIONE OSTIENSE;da specificare;;;;VIA PADRE REGINALDO GIULIANI;Scontro laterale fra veicoli in marcia;Rettilineo;Due carreggiate;Asciutto;Asfaltata;Verticale ed orizzontale;Sereno;Scarso;Buona;Ore Diurne;0;0;0;7;12.4932;41.8671;-1;1;Autovettura privata;In marcia / fermata / arresto;Passeggero;M;Illeso;0;;;
4587939;11;06/10/2019 14:30:00;Strada Urbana;CIRCONVALLAZIONE OSTIENSE;da specificare;;;;VIA PADRE REGINALDO GIULIANI;Scontro laterale fra veicoli in marcia;Rettilineo;Due carreggiate;Asciutto;Asfaltata;Verticale ed orizzontale;Sereno;Scarso;Buona;Ore Diurne;0;0;0;7;12.4932;41.8671;-1;1;Autovettura privata;In marcia / fermata / arresto;Passeggero;M;Illeso;0;;;
4587939;11;06/10/2019 14:30:00;Strada Urbana;CIRCONVALLAZIONE OSTIENSE;da specificare;;;;VIA PADRE REGINALDO GIULIANI;Scontro laterale fra veicoli in marcia;Rettilineo;Due carreggiate;Asciutto;Asfaltata;Verticale ed orizzontale;Sereno;Scarso;Buona;Ore Diurne;0;0;0;7;12.4932;41.8671;-1;2;Autovettura privata;In marcia / fermata / arresto;Conducente;M;Illeso;0;;;
4587939;11;06/10/2019 14:30:00;Strada Urbana;CIRCONVALLAZIONE OSTIENSE;da specificare;;;;VIA PADRE REGINALDO GIULIANI;Scontro laterale fra veicoli in marcia;Rettilineo;Due carreggiate;Asciutto;Asfaltata;Verticale ed orizzontale;Sereno;Scarso;Buona;Ore Diurne;0;0;0;7;12.4932;41.8671;-1;2;Autovettura privata;In marcia / fermata / arresto;Passeggero;F;Illeso;0;;;
4587948;10;05/10/2019 15:50:00;Strada Urbana;VIA DELLE VIGNE DI MORENA;all'intersezione con;VIA DEI SETTE METRI;VIA DEI SETTE METRI;;;Scontro frontale/laterale SX fra veicoli in marcia;Intersezione stradale segnalata;Una carreggiata a doppio senso;Asciutto;Asfaltata;Verticale ed orizzontale;Nuvoloso;Normale;Buona;Ore Diurne;2;0;0;3;12.6033;41.812;-1;1;Autovettura privata;In marcia / fermata / arresto;Conducente;M;Illeso;0;;Non accertato;Esploso
4587948;10;05/10/2019 15:50:00;Strada Urbana;VIA DELLE VIGNE DI MORENA;all'intersezione con;VIA DEI SETTE METRI;VIA DEI SETTE METRI;;;Scontro frontale/laterale SX fra veicoli in marcia;Intersezione stradale segnalata;Una carreggiata a doppio senso;Asciutto;Asfaltata;Verticale ed orizzontale;Nuvoloso;Normale;Buona;Ore Diurne;2;0;0;3;12.6033;41.812;-1;1;Autovettura privata;In marcia / fermata / arresto;Passeggero;M;Illeso;0;;Non accertato;Esploso
4587948;10;05/10/2019 15:50:00;Strada Urbana;VIA DELLE VIGNE DI MORENA;all'intersezione con;VIA DEI SETTE METRI;VIA DEI SETTE METRI;;;Scontro frontale/laterale SX fra veicoli in marcia;Intersezione stradale segnalata;Una carreggiata a doppio senso;Asciutto;Asfaltata;Verticale ed orizzontale;Nuvoloso;Normale;Buona;Ore Diurne;2;0;0;3;12.6033;41.812;-1;1;Autovettura privata;In marcia / fermata / arresto;Passeggero;M;Illeso;0;;Non accertato;Inesploso
4587948;10;05/10/2019 15:50:00;Strada Urbana;VIA DELLE VIGNE DI MORENA;all'intersezione con;VIA DEI SETTE METRI;VIA DEI SETTE METRI;;;Scontro frontale/laterale SX fra veicoli in marcia;Intersezione stradale segnalata;Una carreggiata a doppio senso;Asciutto;Asfaltata;Verticale ed orizzontale;Nuvoloso;Normale;Buona;Ore Diurne;2;0;0;3;12.6033;41.812;-1;2;Autovettura privata;In marcia / fermata / arresto;Conducente;M;Rimandato;0;NON DECEDUTO;Non accertato;Esploso
4587948;10;05/10/2019 15:50:00;Strada Urbana;VIA DELLE VIGNE DI MORENA;all'intersezione con;VIA DEI SETTE METRI;VIA DEI SETTE METRI;;;Scontro frontale/laterale SX fra veicoli in marcia;Intersezione stradale segnalata;Una carreggiata a doppio senso;Asciutto;Asfaltata;Verticale ed orizzontale;Nuvoloso;Normale;Buona;Ore Diurne;2;0;0;3;12.6033;41.812;-1;2;Autovettura privata;In marcia / fermata / arresto;Passeggero;F;Rimandato;0;NON DECEDUTO;Non accertato;Esploso
4587948;10;05/10/2019 15:50:00;Strada Urbana;VIA DELLE VIGNE DI MORENA;all'intersezione con;VIA DEI SETTE METRI;VIA DEI SETTE METRI;;;Scontro frontale/laterale SX fra veicoli in marcia;Intersezione stradale segnalata;Una carreggiata a doppio senso;Asciutto;Asfaltata;Verticale ed orizzontale;Nuvoloso;Normale;Buona;Ore Diurne;2;0;0;3;12.6033;41.812;-1;3;Autovettura privata;Sosta;;;;;;;
4587949;6;06/10/2019 13:30:00;Strada Urbana;LARGO PRENESTE;da specificare;;;;fronte civico 1;Veicolo in marcia contro ostacolo accidentale;Rettilineo;Due carreggiate;Asciutto;Asfaltata;Verticale ed orizzontale;Sereno;Scarso;Buona;Ore Diurne;1;0;0;0;12.542;41.8926;-1;1;Motociclo a solo;In marcia / fermata / arresto;Conducente;M;Rimandato;0;NON DECEDUTO;;
4587956;11;05/10/2019 12:30:00;Strada Urbana;VIALE GUGLIELMO MARCONI;all'intersezione semaforizzata con;LARGO ENEA BORTOLOTTI;LARGO ENEA BORTOLOTTI;;;Scontro laterale fra veicoli in marcia;Intersezione semaforizzata;Due carreggiate;Asciutto;Asfaltata;Verticale ed orizzontale;Nuvoloso;Scarso;Sufficiente;Ore Diurne;1;0;0;1;12.4722;41.8547;-1;1;Autovettura privata;In marcia / fermata / arresto;Conducente;F;Illeso;0;;;
4587956;11;05/10/2019 12:30:00;Strada Urbana;VIALE GUGLIELMO MARCONI;all'intersezione semaforizzata con;LARGO ENEA BORTOLOTTI;LARGO ENEA BORTOLOTTI;;;Scontro laterale fra veicoli in marcia;Intersezione semaforizzata;Due carreggiate;Asciutto;Asfaltata;Verticale ed orizzontale;Nuvoloso;Scarso;Sufficiente;Ore Diurne;1;0;0;1;12.4722;41.8547;-1;2;Velocipede;In marcia / fermata / arresto;Conducente;M;Rifiuta cure immediate;0;NON DECEDUTO;Esente;
4587957;10;05/10/2019 14:15:00;Strada Urbana;VIA EMANUELE CARNEVALE;in corrispondenza;;del civico n.;50;;Scontro frontale/laterale DX fra veicoli in marcia;Rettilineo;Una carreggiata a doppio senso;Asciutto;Asfaltata;Verticale ed orizzontale;Nuvoloso;Normale;Buona;Ore Diurne;0;0;0;3;12.6039;41.8488;-1;1;Autocarro inferiore 35 q.;In marcia / fermata / arresto;Conducente;M;Illeso;0;;Non accertato;Inesploso
4587957;10;05/10/2019 14:15:00;Strada Urbana;VIA EMANUELE CARNEVALE;in corrispondenza;;del civico n.;50;;Scontro frontale/laterale DX fra veicoli in marcia;Rettilineo;Una carreggiata a doppio senso;Asciutto;Asfaltata;Verticale ed orizzontale;Nuvoloso;Normale;Buona;Ore Diurne;0;0;0;3;12.6039;41.8488;-1;2;Autovettura privata;In marcia / fermata / arresto;Conducente;M;Illeso;0;;Non accertato;Inesploso
4587957;10;05/10/2019 14:15:00;Strada Urbana;VIA EMANUELE CARNEVALE;in corrispondenza;;del civico n.;50;;Scontro frontale/laterale DX fra veicoli in marcia;Rettilineo;Una carreggiata a doppio senso;Asciutto;Asfaltata;Verticale ed orizzontale;Nuvoloso;Normale;Buona;Ore Diurne;0;0;0;3;12.6039;41.8488;-1;2;Autovettura privata;In marcia / fermata / arresto;Passeggero;F;Illeso;0;;Non accertato;Inesploso
4587961;20;06/10/2019 18:00:00;Provinciale entro l'abitato;VIA FLAMINIA NUOVA;da specificare;;;;fronte Via Tuscania;Scontro laterale fra veicoli in marcia;Rettilineo;Due carreggiate;Asciutto;Asfaltata;Verticale ed orizzontale;Sereno;Scarso;Buona;Ore Diurne;0;0;0;5;12.4792;41.9609;-1;1;Autovettura privata;In marcia / fermata / arresto;Conducente;F;Illeso;0;;;
4587961;20;06/10/2019 18:00:00;Provinciale entro l'abitato;VIA FLAMINIA NUOVA;da specificare;;;;fronte Via Tuscania;Scontro laterale fra veicoli in marcia;Rettilineo;Due carreggiate;Asciutto;Asfaltata;Verticale ed orizzontale;Sereno;Scarso;Buona;Ore Diurne;0;0;0;5;12.4792;41.9609;-1;1;Autovettura privata;In marcia / fermata / arresto;Passeggero;F;Illeso;0;;;
4587961;20;06/10/2019 18:00:00;Provinciale entro l'abitato;VIA FLAMINIA NUOVA;da specificare;;;;fronte Via Tuscania;Scontro laterale fra veicoli in marcia;Rettilineo;Due carreggiate;Asciutto;Asfaltata;Verticale ed orizzontale;Sereno;Scarso;Buona;Ore Diurne;0;0;0;5;12.4792;41.9609;-1;1;Autovettura privata;In marcia / fermata / arresto;Passeggero;F;Illeso;0;;;
4587961;20;06/10/2019 18:00:00;Provinciale entro l'abitato;VIA FLAMINIA NUOVA;da specificare;;;;fronte Via Tuscania;Scontro laterale fra veicoli in marcia;Rettilineo;Due carreggiate;Asciutto;Asfaltata;Verticale ed orizzontale;Sereno;Scarso;Buona;Ore Diurne;0;0;0;5;12.4792;41.9609;-1;2;Ciclomotore;In marcia / fermata / arresto;Conducente;M;Illeso;0;;;
4587962;20;06/10/2019 12:50:00;Strada Urbana;VIA DEGLI ORTI DELLA FARNESINA;in prossimit�;;del civico n.;2;;Scontro laterale fra veicoli in marcia;Rettilineo;Una carreggiata a doppio senso;Asciutto;Asfaltata;Orizzontale;Sereno;Scarso;Buona;Ore Diurne;0;0;0;4;12.4654;41.9385;-1;1;Autovettura privata;In marcia / fermata / arresto;Conducente;F;Illeso;0;;Non accertato;
4587962;20;06/10/2019 12:50:00;Strada Urbana;VIA DEGLI ORTI DELLA FARNESINA;in prossimit�;;del civico n.;2;;Scontro laterale fra veicoli in marcia;Rettilineo;Una carreggiata a doppio senso;Asciutto;Asfaltata;Orizzontale;Sereno;Scarso;Buona;Ore Diurne;0;0;0;4;12.4654;41.9385;-1;1;Autovettura privata;In marcia / fermata / arresto;Passeggero;F;Illeso;0;;Non accertato;
4587962;20;06/10/2019 12:50:00;Strada Urbana;VIA DEGLI ORTI DELLA FARNESINA;in prossimit�;;del civico n.;2;;Scontro laterale fra veicoli in marcia;Rettilineo;Una carreggiata a doppio senso;Asciutto;Asfaltata;Orizzontale;Sereno;Scarso;Buona;Ore Diurne;0;0;0;4;12.4654;41.9385;-1;2;Autovettura privata;In marcia / fermata / arresto;Conducente;M;Illeso;0;;Non accertato;
4587962;20;06/10/2019 12:50:00;Strada Urbana;VIA DEGLI ORTI DELLA FARNESINA;in prossimit�;;del civico n.;2;;Scontro laterale fra veicoli in marcia;Rettilineo;Una carreggiata a doppio senso;Asciutto;Asfaltata;Orizzontale;Sereno;Scarso;Buona;Ore Diurne;0;0;0;4;12.4654;41.9385;-1;2;Autovettura privata;In marcia / fermata / arresto;Passeggero;F;Illeso;0;;Non accertato;
4587968;7;04/10/2019 20:15:00;Strada Urbana;VIALE DELLA PRIMAVERA;all'intersezione con;VIA DEI GELSI;VIA DEI GELSI;;;Scontro frontale/laterale DX fra veicoli in marcia;Incrocio;Due carreggiate;Asciutto;Asfaltata;Verticale ed orizzontale;Sereno;Normale;Buona;Sufficiente;0;0;0;2;12.5615;41.8883;-1;1;Autovettura privata;In marcia / fermata / arresto;Conducente;F;Illeso;0;;Non accertato;Inesploso
4587968;7;04/10/2019 20:15:00;Strada Urbana;VIALE DELLA PRIMAVERA;all'intersezione con;VIA DEI GELSI;VIA DEI GELSI;;;Scontro frontale/laterale DX fra veicoli in marcia;Incrocio;Due carreggiate;Asciutto;Asfaltata;Verticale ed orizzontale;Sereno;Normale;Buona;Sufficiente;0;0;0;2;12.5615;41.8883;-1;2;Autovettura privata;In marcia / fermata / arresto;Conducente;M;Illeso;0;;Non accertato;Inesploso
4587970;19;05/10/2019 23:15:00;Strada Urbana;VIA FEDERICO BORROMEO;in prossimit�;;del civico n.;53;;Veicolo in marcia contro veicoli in sosta;Rettilineo;Una carreggiata a doppio senso;Asciutto;Asfaltata;Verticale ed orizzontale;Sereno;Scarso;Buona;Sufficiente;0;0;0;1;12.4153;41.919;-1;1;Autovettura privata;In marcia / fermata / arresto;Conducente;M;Illeso;0;;Non accertato;Inesploso
4587970;19;05/10/2019 23:15:00;Strada Urbana;VIA FEDERICO BORROMEO;in prossimit�;;del civico n.;53;;Veicolo in marcia contro veicoli in sosta;Rettilineo;Una carreggiata a doppio senso;Asciutto;Asfaltata;Verticale ed orizzontale;Sereno;Scarso;Buona;Sufficiente;0;0;0;1;12.4153;41.919;-1;2;Autovettura privata;Sosta;;;;;;;