Protocollo;Gruppo;DataOraIncidente;Localizzazione1;STRADA1;Localizzazione2;STRADA2;Strada02;Chilometrica;DaSpecificare;NaturaIncidente;particolaritastrade;TipoStrada;FondoStradale;Pavimentazione;Segnaletica;CondizioneAtmosferica;Traffico;Visibilita;Illuminazione;NUM_FERITI;NUM_RISERVATA;NUM_MORTI;NUM_ILLESI;Longitudine;Latitudine;Confermato;Progressivo;TipoVeicolo;StatoVeicolo;TipoPersona;Sesso;Tipolesione;Deceduto;DecedutoDopo;CinturaCascoUtilizzato;Airbag;
4601988;11;14/10/2019 14:10:00;Strada Urbana;VIA ALESSIO BALDOVINETTI;in prossimit�;;del civico n.;122;;Scontro frontale/laterale SX fra veicoli in marcia;Rettilineo;Una carreggiata a doppio senso;Asciutto;Asfaltata;Verticale ed orizzontale;Nuvoloso;Normale;Buona;Ore Diurne;0;0;0;5;12.4945;41.8311;-1;2;Autovettura privata;In marcia / fermata / arresto;Conducente;M;Illeso;0;;;
4601988;11;14/10/2019 14:10:00;Strada Urbana;VIA ALESSIO BALDOVINETTI;in prossimit�;;del civico n.;122;;Scontro frontale/laterale SX fra veicoli in marcia;Rettilineo;Una carreggiata a doppio senso;Asciutto;Asfaltata;Verticale ed orizzontale;Nuvoloso;Normale;Buona;Ore Diurne;0;0;0;5;12.4945;41.8311;-1;2;Autovettura privata;In marcia / fermata / arresto;Passeggero;M;Illeso;0;;;
4601988;11;14/10/2019 14:10:00;Strada Urbana;VIA ALESSIO BALDOVINETTI;in prossimit�;;del civico n.;122;;Scontro frontale/laterale SX fra veicoli in marcia;Rettilineo;Una carreggiata a doppio senso;Asciutto;Asfaltata;Verticale ed orizzontale;Nuvoloso;Normale;Buona;Ore Diurne;0;0;0;5;12.4945;41.8311;-1;2;Autovettura privata;In marcia / fermata / arresto;Passeggero;M;Illeso;0;;;
4601988;11;14/10/2019 14:10:00;Strada Urbana;VIA ALESSIO BALDOVINETTI;in prossimit�;;del civico n.;122;;Scontro frontale/laterale SX fra veicoli in marcia;Rettilineo;Una carreggiata a doppio senso;Asciutto;Asfaltata;Verticale ed orizzontale;Nuvoloso;Normale;Buona;Ore Diurne;0;0;0;5;12.4945;41.8311;-1;3;Autovettura privata;In marcia / fermata / arresto;Conducente;M;Illeso;0;;;
4602002;5;14/10/2019 10:00:00;Strada Urbana;VIA TIBURTINA;in prossimit�;;del civico n.;521;;Scontro laterale fra veicoli in marcia;Rettilineo;Pi� di due carreggiate;Asciutto;Asfaltata;Orizzontale;Sereno;Intenso;Buona;Ore Diurne;0;0;0;3;12.5411;41.9088;-1;1;Autocarro superiore 35 q.;In marcia / fermata / arresto;Conducente;M;Illeso;0;;Non accertato;Inesploso
4602002;5;14/10/2019 10:00:00;Strada Urbana;VIA TIBURTINA;in prossimit�;;del civico n.;521;;Scontro laterale fra veicoli in marcia;Rettilineo;Pi� di due carreggiate;Asciutto;Asfaltata;Orizzontale;Sereno;Intenso;Buona;Ore Diurne;0;0;0;3;12.5411;41.9088;-1;2;Autovettura privata;In marcia / fermata / arresto;Conducente;M;Illeso;0;;Non accertato;Inesploso
4602002;5;14/10/2019 10:00:00;Strada Urbana;VIA TIBURTINA;in prossimit�;;del civico n.;521;;Scontro laterale fra veicoli in marcia;Rettilineo;Pi� di due carreggiate;Asciutto;Asfaltata;Orizzontale;Sereno;Intenso;Buona;Ore Diurne;0;0;0;3;12.5411;41.9088;-1;2;Autovettura privata;In marcia / fermata / arresto;Passeggero;F;Illeso;0;;Non accertato;Inesploso
4602008;11;14/10/2019 19:10:00;Strada Urbana;VIA LORENZO DA PIETRASANTA;da specificare;;;;fronte civico 8;Tamponamento;Rettilineo;Una carreggiata a senso unico di marcia;Asciutto;Asfaltata;Verticale ed orizzontale;Sereno;Scarso;Buona;Sufficiente;1;0;0;1;12.4833;41.8647;-1;1;Autovettura privata;In marcia / fermata / arresto;Conducente;F;Illeso;0;;Non accertato;
4602008;11;14/10/2019 19:10:00;Strada Urbana;VIA LORENZO DA PIETRASANTA;da specificare;;;;fronte civico 8;Tamponamento;Rettilineo;Una carreggiata a senso unico di marcia;Asciutto;Asfaltata;Verticale ed orizzontale;Sereno;Scarso;Buona;Sufficiente;1;0;0;1;12.4833;41.8647;-1;2;Velocipede;In marcia / fermata / arresto;Conducente;M;Rimandato;0;NON DECEDUTO;Esente;
4602022;5;14/10/2019 12:40:00;Strada Urbana;VIA DI SALONE;all'intersezione con;VIA LEOFRENI;VIA LEOFRENI;;;Scontro frontale/laterale SX fra veicoli in marcia;Incrocio;Una carreggiata a doppio senso;Asciutto;Asfaltata;Verticale ed orizzontale;Sereno;Normale;Buona;Ore Diurne;0;0;0;2;12.633;41.9246;-1;1;Autocarro inferiore 35 q.;In marcia / fermata / arresto;Conducente;M;Illeso;0;;;
4602022;5;14/10/2019 12:40:00;Strada Urbana;VIA DI SALONE;all'intersezione con;VIA LEOFRENI;VIA LEOFRENI;;;Scontro frontale/laterale SX fra veicoli in marcia;Incrocio;Una carreggiata a doppio senso;Asciutto;Asfaltata;Verticale ed orizzontale;Sereno;Normale;Buona;Ore Diurne;0;0;0;2;12.633;41.9246;-1;2;Motociclo a solo;In marcia / fermata / arresto;Conducente;M;Illeso;0;;Non accertato;
4602027;5;14/10/2019 17:00:00;Strada Urbana;VIA TIBURTINA;da specificare;;;;prossimit� via del Forte Tiburtino;Tamponamento;Rettilineo;Una carreggiata a senso unico di marcia;Asciutto;Asfaltata;Verticale ed orizzontale;Sereno;Normale;Buona;Ore Diurne;0;0;0;2;12.5556;41.9129;-1;1;Autovettura privata;In marcia / fermata / arresto;Conducente;M;Illeso;0;;Non accertato;Inesploso
4602027;5;14/10/2019 17:00:00;Strada Urbana;VIA TIBURTINA;da specificare;;;;prossimit� via del Forte Tiburtino;Tamponamento;Rettilineo;Una carreggiata a senso unico di marcia;Asciutto;Asfaltata;Verticale ed orizzontale;Sereno;Normale;Buona;Ore Diurne;0;0;0;2;12.5556;41.9129;-1;2;Autovettura privata;In marcia / fermata / arresto;Conducente;M;Illeso;0;;Non accertato;Inesploso
4602030;15;15/10/2019 04:15:00;Strada Urbana;VIALE CRISTOFORO COLOMBO;all'intersezione con;VIALE OCEANO ATLANTICO ;VIALE OCEANO ATLANTICO ;;;Tamponamento;Intersezione semaforizzata;Una carreggiata a doppio senso;Asciutto;Asfaltata;Verticale ed orizzontale;Nuvoloso;Scarso;Buona;Sufficiente;0;0;0;3;12.4536;41.8089;-1;1;Autovettura privata;In marcia / fermata / arresto;Conducente;M;Illeso;0;;;
4602030;15;15/10/2019 04:15:00;Strada Urbana;VIALE CRISTOFORO COLOMBO;all'intersezione con;VIALE OCEANO ATLANTICO ;VIALE OCEANO ATLANTICO ;;;Tamponamento;Intersezione semaforizzata;Una carreggiata a doppio senso;Asciutto;Asfaltata;Verticale ed orizzontale;Nuvoloso;Scarso;Buona;Sufficiente;0;0;0;3;12.4536;41.8089;-1;1;Autovettura privata;In marcia / fermata / arresto;Passeggero;M;Illeso;0;;;
4602030;15;15/10/2019 04:15:00;Strada Urbana;VIALE CRISTOFORO COLOMBO;all'intersezione con;VIALE OCEANO ATLANTICO ;VIALE OCEANO ATLANTICO ;;;Tamponamento;Intersezione semaforizzata;Una carreggiata a doppio senso;Asciutto;Asfaltata;Verticale ed orizzontale;Nuvoloso;Scarso;Buona;Sufficiente;0;0;0;3;12.4536;41.8089;-1;2;Autovettura privata;In marcia / fermata / arresto;Conducente;M;Illeso;0;;;
4602035;1;14/10/2019 21:30:00;Strada Urbana;VIA GIOVANNI AMENDOLA;in prossimit�;;del civico n.;64;;Investimento di pedone;Rettilineo;Una carreggiata a senso unico di marcia;Asciutto;Asfaltata;Verticale ed orizzontale;Sereno;Normale;Buona;Sufficiente;1;0;0;1;12.5008;41.8995;-1;;;;Pedone;M;Rimandato;0;NON DECEDUTO;;
4602035;1;14/10/2019 21:30:00;Strada Urbana;VIA GIOVANNI AMENDOLA;in prossimit�;;del civico n.;64;;Investimento di pedone;Rettilineo;Una carreggiata a senso unico di marcia;Asciutto;Asfaltata;Verticale ed orizzontale;Sereno;Normale;Buona;Sufficiente;1;0;0;1;12.5008;41.8995;-1;1;Autovettura privata;In marcia / fermata / arresto;Conducente;M;Illeso;0;;;Inesploso
4602040;5;14/10/2019 18:00:00;Strada Urbana;VIA CRESCENZIO CONTE DI SABINA;in prossimit�;;del civico n.;45;;Scontro frontale/laterale SX fra veicoli in marcia;Rettilineo;Una carreggiata a senso unico di marcia;Asciutto;Asfaltata;Verticale ed orizzontale;Sereno;Normale;Buona;Ore Diurne;1;0;0;1;12.6;41.9485;-1;1;Autovettura privata;In marcia / fermata / arresto;Conducente;M;Rimandato;0;NON DECEDUTO;Non accertato;Inesploso
4602040;5;14/10/2019 18:00:00;Strada Urbana;VIA CRESCENZIO CONTE DI SABINA;in prossimit�;;del civico n.;45;;Scontro frontale/laterale SX fra veicoli in marcia;Rettilineo;Una carreggiata a senso unico di marcia;Asciutto;Asfaltata;Verticale ed orizzontale;Sereno;Normale;Buona;Ore Diurne;1;0;0;1;12.6;41.9485;-1;2;Autocarro inferiore 35 q.;In marcia / fermata / arresto;Conducente;M;Illeso;0;;Non accertato;Esploso
4602044;20;14/10/2019 13:25:00;Regionale;VIA FLAMINIA;da specificare;;;;Km. 9,400;Tamponamento;Rettilineo;Due carreggiate;Asciutto;Asfaltata;Orizzontale;Sereno;Normale;Buona;Ore Diurne;0;0;0;1;12.4718;41.9419;-1;1;Autovettura privata;In marcia / fermata / arresto;Conducente;F;Illeso;0;;Non accertato;
4602044;20;14/10/2019 13:25:00;Regionale;VIA FLAMINIA;da specificare;;;;Km. 9,400;Tamponamento;Rettilineo;Due carreggiate;Asciutto;Asfaltata;Orizzontale;Sereno;Normale;Buona;Ore Diurne;0;0;0;1;12.4718;41.9419;-1;2;Altro;Allontanatosi;;;;;;;
4602050;6;14/10/2019 19:55:00;Strada Urbana;VIALE GIOVANNI BATTISTA VALENTE;all'intersezione con;VIA ALFREDO COVELLI;VIA ALFREDO COVELLI;;;Infortunio per sola frenata improvvisa;Incrocio;Una carreggiata a doppio senso;Asciutto;Asfaltata;Verticale ed orizzontale;Sereno;Normale;Sufficiente;Ore Diurne;1;0;0;1;12.5666;41.8961;-1;1;Autovettura privata;In marcia / fermata / arresto;Conducente;M;Illeso;0;;Non accertato;Inesploso
4602050;6;14/10/2019 19:55:00;Strada Urbana;VIALE GIOVANNI BATTISTA VALENTE;all'intersezione con;VIA ALFREDO COVELLI;VIA ALFREDO COVELLI;;;Infortunio per sola frenata improvvisa;Incrocio;Una carreggiata a doppio senso;Asciutto;Asfaltata;Verticale ed orizzontale;Sereno;Normale;Sufficiente;Ore Diurne;1;0;0;1;12.5666;41.8961;-1;2;Motociclo a solo;In marcia / fermata / arresto;Conducente;F;Rifiuta cure immediate;0;NON DECEDUTO;Non accertato;
4602051;6;14/10/2019 13:30:00;Strada Urbana;VIA SESTIO MENAS;in corrispondenza;;del civico n.;76;;Scontro laterale fra veicoli in marcia;Rettilineo;Una carreggiata a senso unico di marcia;Asciutto;Asfaltata;Verticale ed orizzontale;Sereno;Normale;Buona;Ore Diurne;0;0;0;4;12.5512;41.8667;-1;1;Autovettura privata;In marcia / fermata / arresto;Conducente;F;Illeso;0;;;Inesploso
4602051;6;14/10/2019 13:30:00;Strada Urbana;VIA SESTIO MENAS;in corrispondenza;;del civico n.;76;;Scontro laterale fra veicoli in marcia;Rettilineo;Una carreggiata a senso unico di marcia;Asciutto;Asfaltata;Verticale ed orizzontale;Sereno;Normale;Buona;Ore Diurne;0;0;0;4;12.5512;41.8667;-1;1;Autovettura privata;In marcia / fermata / arresto;Passeggero;M;Illeso;0;;;Inesploso
4602051;6;14/10/2019 13:30:00;Strada Urbana;VIA SESTIO MENAS;in corrispondenza;;del civico n.;76;;Scontro laterale fra veicoli in marcia;Rettilineo;Una carreggiata a senso unico di marcia;Asciutto;Asfaltata;Verticale ed orizzontale;Sereno;Normale;Buona;Ore Diurne;0;0;0;4;12.5512;41.8667;-1;1;Autovettura privata;In marcia / fermata / arresto;Passeggero;F;Illeso;0;;;Inesploso
4602051;6;14/10/2019 13:30:00;Strada Urbana;VIA SESTIO MENAS;in corrispondenza;;del civico n.;76;;Scontro laterale fra veicoli in marcia;Rettilineo;Una carreggiata a senso unico di marcia;Asciutto;Asfaltata;Verticale ed orizzontale;Sereno;Normale;Buona;Ore Diurne;0;0;0;4;12.5512;41.8667;-1;2;Autovettura privata;In marcia / fermata / arresto;Conducente;M;Illeso;0;;;
4602057;5;14/10/2019 22:30:00;Strada Urbana;VIA TIBURTINA;in prossimit�;;del civico n.;1578;;Tamponamento;Rettilineo;Una carreggiata a doppio senso;Asciutto;Asfaltata;Verticale ed orizzontale;Sereno;Normale;Sufficiente;Sufficiente;0;0;0;2;12.6435;41.9416;-1;1;Veicolo speciale;In marcia / fermata / arresto;Conducente;M;Illeso;0;;Non accertato;
4602057;5;14/10/2019 22:30:00;Strada Urbana;VIA TIBURTINA;in prossimit�;;del civico n.;1578;;Tamponamento;Rettilineo;Una carreggiata a doppio senso;Asciutto;Asfaltata;Verticale ed orizzontale;Sereno;Normale;Sufficiente;Sufficiente;0;0;0;2;12.6435;41.9416;-1;2;Autovettura privata;In marcia / fermata / arresto;Conducente;M;Illeso;0;;Non accertato;
4602067;13;13/10/2019 10:55:00;Strada Urbana;VIA LITORANEA;all'intersezione con;VIA DEL LIDO DI CASTELPORZIANO;VIA DEL LIDO DI CASTELPORZIANO;;;Ribaltamento senza urto contro ostacolo fisso;Rotatoria;Una carreggiata a doppio senso;Asciutto;Asfaltata;Verticale ed orizzontale;Sereno;Normale;Buona;Ore Diurne;0;0;0;1;12.3735;41.6876;-1;1;Motociclo a solo;In marcia / fermata / arresto;Conducente;M;Illeso;0;;Non accertato;
4602071;20;14/10/2019 13:00:00;Strada Urbana;VIA BONALDO STRINGHER;in prossimit�;;del civico n.;8;;Veicolo in marcia contro veicolo in sosta;Rettilineo;Una carreggiata a senso unico di marcia;Asciutto;Asfaltata;Assente;Sereno;Normale;Buona;Ore Diurne;0;0;0;1;12.4666;41.943;-1;1;Autovettura privata;Sosta;;;;;;;
4602071;20;14/10/2019 13:00:00;Strada Urbana;VIA BONALDO STRINGHER;in prossimit�;;del civico n.;8;;Veicolo in marcia contro veicolo in sosta;Rettilineo;Una carreggiata a senso unico di marcia;Asciutto;Asfaltata;Assente;Sereno;Normale;Buona;Ore Diurne;0;0;0;1;12.4666;41.943;-1;2;Autovettura privata;In marcia / fermata / arresto;Conducente;F;Illeso;0;;Non accertato;
4602081;20;14/10/2019 07:45:00;Regionale entro l'abitato;VIA CASSIA;all'intersezione con;VIA DELLA TORRE DELLE CORNACCHIE;VIA DELLA TORRE DELLE CORNACCHIE;;;Scontro frontale/laterale DX fra veicoli in marcia;Incrocio;Una carreggiata a doppio senso;Asciutto;Asfaltata;Verticale ed orizzontale;Sereno;Intenso;Buona;Ore Diurne;1;0;0;1;12.4137;41.9828;-1;1;Autovettura privata;In marcia / fermata / arresto;Conducente;M;Illeso;0;;;
4602081;20;14/10/2019 07:45:00;Regionale entro l'abitato;VIA CASSIA;all'intersezione con;VIA DELLA TORRE DELLE CORNACCHIE;VIA DELLA TORRE DELLE CORNACCHIE;;;Scontro frontale/laterale DX fra veicoli in marcia;Incrocio;Una carreggiata a doppio senso;Asciutto;Asfaltata;Verticale ed orizzontale;Sereno;Intenso;Buona;Ore Diurne;1;0;0;1;12.4137;41.9828;-1;2;Motociclo a solo;In marcia / fermata / arresto;Conducente;M;Rimandato;0;NON DECEDUTO;;
4602093;4;14/10/2019 18:30:00;Strada Urbana;VIA ELSA DE' GIORGI;in prossimit�;;del civico n.;31;;Scontro laterale fra veicoli in marcia;Rettilineo;Due carreggiate;Asciutto;Asfaltata;Verticale ed orizzontale;Sereno;Intenso;Buona;Ore Diurne;0;0;0;3;12.539;41.9669;-1;1;Autovettura privata;In marcia / fermata / arresto;Conducente;F;Illeso;0;;;
4602093;4;14/10/2019 18:30:00;Strada Urbana;VIA ELSA DE' GIORGI;in prossimit�;;del civico n.;31;;Scontro laterale fra veicoli in marcia;Rettilineo;Due carreggiate;Asciutto;Asfaltata;Verticale ed orizzontale;Sereno;Intenso;Buona;Ore Diurne;0;0;0;3;12.539;41.9669;-1;1;Autovettura privata;In marcia / fermata / arresto;Passeggero;F;Illeso;0;;;
4602093;4;14/10/2019 18:30:00;Strada Urbana;VIA ELSA DE' GIORGI;in prossimit�;;del civico n.;31;;Scontro laterale fra veicoli in marcia;Rettilineo;Due carreggiate;Asciutto;Asfaltata;Verticale ed orizzontale;Sereno;Intenso;Buona;Ore Diurne;0;0;0;3;12.539;41.9669;-1;2;Autovettura privata;In marcia / fermata / arresto;Conducente;F;Illeso;0;;;
4602112;15;15/10/2019 00:10:00;Strada Urbana;VIALE ISACCO NEWTON;da specificare;;;;prossim.t� Via Portuense (cavalcavia);Scontro laterale fra veicoli in marcia;Rettilineo;Una carreggiata a doppio senso;Asciutto;Asfaltata;Orizzontale;Nuvoloso;Scarso;Buona;Sufficiente;0;0;0;2;12.4427;41.8481;-1;1;Autovettura privata;In marcia / fermata / arresto;Conducente;M;Illeso;0;;;
4602112;15;15/10/2019 00:10:00;Strada Urbana;VIALE ISACCO NEWTON;da specificare;;;;prossim.t� Via Portuense (cavalcavia);Scontro laterale fra veicoli in marcia;Rettilineo;Una carreggiata a doppio senso;Asciutto;Asfaltata;Orizzontale;Nuvoloso;Scarso;Buona;Sufficiente;0;0;0;2;12.4427;41.8481;-1;2;Autovettura privata;In marcia / fermata / arresto;Conducente;M;Illeso;0;;;
4602128;20;14/10/2019 23:40:00;Strada Urbana;VIA FORNACE VIGNOLO;all'intersezione con;VIA FLAMINIA;VIA FLAMINIA;;;Scontro frontale/laterale DX fra veicoli in marcia;Intersezione non regolata/non segnalata;Una carreggiata a doppio senso;Asciutto;Asfaltata;Verticale ed orizzontale;Sereno;Scarso;Sufficiente;Sufficiente;0;0;0;4;12.4992;41.9893;-1;1;Autovettura privata;In marcia / fermata / arresto;Conducente;M;Illeso;0;;;
4602128;20;14/10/2019 23:40:00;Strada Urbana;VIA FORNACE VIGNOLO;all'intersezione con;VIA FLAMINIA;VIA FLAMINIA;;;Scontro frontale/laterale DX fra veicoli in marcia;Intersezione non regolata/non segnalata;Una carreggiata a doppio senso;Asciutto;Asfaltata;Verticale ed orizzontale;Sereno;Scarso;Sufficiente;Sufficiente;0;0;0;4;12.4992;41.9893;-1;1;Autovettura privata;In marcia / fermata / arresto;Passeggero;F;Illeso;0;;;
4602128;20;14/10/2019 23:40:00;Strada Urbana;VIA FORNACE VIGNOLO;all'intersezione con;VIA FLAMINIA;VIA FLAMINIA;;;Scontro frontale/laterale DX fra veicoli in marcia;Intersezione non regolata/non segnalata;Una carreggiata a doppio senso;Asciutto;Asfaltata;Verticale ed orizzontale;Sereno;Scarso;Sufficiente;Sufficiente;0;0;0;4;12.4992;41.9893;-1;2;Autovettura privata;In marcia / fermata / arresto;Conducente;M;Illeso;0;;;
4602128;20;14/10/2019 23:40:00;Strada Urbana;VIA FORNACE VIGNOLO;all'intersezione con;VIA FLAMINIA;VIA FLAMINIA;;;Scontro frontale/laterale DX fra veicoli in marcia;Intersezione non regolata/non segnalata;Una carreggiata a doppio senso;Asciutto;Asfaltata;Verticale ed orizzontale;Sereno;Scarso;Sufficiente;Sufficiente;0;0;0;4;12.4992;41.9893;-1;2;Autovettura privata;In marcia / fermata / arresto;Passeggero;F;Illeso;0;;;
4602133;4;14/10/2019 18:30:00;Strada Urbana;VIA GRAN SASSO;in prossimit�;;del civico n.;16;;Veicolo in marcia contro veicoli in sosta;Rettilineo;Una carreggiata a senso unico di marcia;Asciutto;Asfaltata;Assente;Sereno;Scarso;Sufficiente;Sufficiente;0;0;0;1;12.5376;41.9385;-1;1;Autovettura privata;In marcia / fermata / arresto;Conducente;F;Illeso;0;;Non accertato;Inesploso
4602133;4;14/10/2019 18:30:00;Strada Urbana;VIA GRAN SASSO;in prossimit�;;del civico n.;16;;Veicolo in marcia contro veicoli in sosta;Rettilineo;Una carreggiata a senso unico di marcia;Asciutto;Asfaltata;Assente;Sereno;Scarso;Sufficiente;Sufficiente;0;0;0;1;12.5376;41.9385;-1;2;Autovettura privata;Sosta;;;;;;;
4602133;4;14/10/2019 18:30:00;Strada Urbana;VIA GRAN SASSO;in prossimit�;;del civico n.;16;;Veicolo in marcia contro veicoli in sosta;Rettilineo;Una carreggiata a senso unico di marcia;Asciutto;Asfaltata;Assente;Sereno;Scarso;Sufficiente;Sufficiente;0;0;0;1;12.5376;41.9385;-1;3;Autovettura privata;Sosta;;;;;;;
4602133;4;14/10/2019 18:30:00;Strada Urbana;VIA GRAN SASSO;in prossimit�;;del civico n.;16;;Veicolo in marcia contro veicoli in sosta;Rettilineo;Una carreggiata a senso unico di marcia;Asciutto;Asfaltata;Assente;Sereno;Scarso;Sufficiente;Sufficiente;0;0;0;1;12.5376;41.9385;-1;4;Autovettura privata;Sosta;;;;;;;
4602154;4;14/10/2019 11:40:00;Strada Urbana;VIALE JONIO;in corrispondenza;;del civico n.;243;;Veicolo in marcia contro veicolo in sosta;Rettilineo;Due carreggiate;Asciutto;Asfaltata;Verticale ed orizzontale;Sereno;Normale;Buona;Ore Diurne;0;0;0;1;12.5329;41.9452;-1;1;Autovettura privata;In marcia / fermata / arresto;Conducente;F;Illeso;0;;Non accertato;Inesploso
4602154;4;14/10/2019 11:40:00;Strada Urbana;VIALE JONIO;in corrispondenza;;del civico n.;243;;Veicolo in marcia contro veicolo in sosta;Rettilineo;Due carreggiate;Asciutto;Asfaltata;Verticale ed orizzontale;Sereno;Normale;Buona;Ore Diurne;0;0;0;1;12.5329;41.9452;-1;2;Motociclo a solo;Sosta;;;;;;;
4602155;10;15/10/2019 07:45:00;Provinciale;VIA ANAGNINA;all'intersezione semaforizzata con;VICOLO ANAGNINO;VICOLO ANAGNINO;;;Scontro laterale fra veicoli in marcia;Intersezione semaforizzata;Due carreggiate;Asciutto;Asfaltata;Verticale ed orizzontale;Sereno;Normale;Buona;Ore Diurne;0;0;0;3;12.6265;41.8099;-1;1;Autovettura privata;In marcia / fermata / arresto;Conducente;M;Illeso;0;;Non accertato;Inesploso
4602155;10;15/10/2019 07:45:00;Provinciale;VIA ANAGNINA;all'intersezione semaforizzata con;VICOLO ANAGNINO;VICOLO ANAGNINO;;;Scontro laterale fra veicoli in marcia;Intersezione semaforizzata;Due carreggiate;Asciutto;Asfaltata;Verticale ed orizzontale;Sereno;Normale;Buona;Ore Diurne;0;0;0;3;12.6265;41.8099;-1;1;Autovettura privata;In marcia / fermata / arresto;Passeggero;M;Illeso;0;;Non accertato;Inesploso
4602155;10;15/10/2019 07:45:00;Provinciale;VIA ANAGNINA;all'intersezione semaforizzata con;VICOLO ANAGNINO;VICOLO ANAGNINO;;;Scontro laterale fra veicoli in marcia;Intersezione semaforizzata;Due carreggiate;Asciutto;Asfaltata;Verticale ed orizzontale;Sereno;Normale;Buona;Ore Diurne;0;0;0;3;12.6265;41.8099;-1;2;Autovettura privata;In marcia / fermata / arresto;Conducente;M;Illeso;0;;Non accertato;Inesploso
4602161;18;15/10/2019 07:20:00;Strada Urbana;VIA GAETANO MAZZONI;all'intersezione con;VIA DI MONTESPACCATO;VIA DI MONTESPACCATO;;;Scontro frontale/laterale SX fra veicoli in marcia;Intersezione stradale segnalata;Una carreggiata a senso unico di marcia;Asciutto;Asfaltata;Verticale ed orizzontale;Sereno;Normale;Buona;Ore Diurne;2;0;0;2;12.3936;41.9073;-1;1;Autocarro inferiore 35 q.;In marcia / fermata / arresto;Conducente;M;Illeso;0;;Non accertato;Inesploso
4602161;18;15/10/2019 07:20:00;Strada Urbana;VIA GAETANO MAZZONI;all'intersezione con;VIA DI MONTESPACCATO;VIA DI MONTESPACCATO;;;Scontro frontale/laterale SX fra veicoli in marcia;Intersezione stradale segnalata;Una carreggiata a senso unico di marcia;Asciutto;Asfaltata;Verticale ed orizzontale;Sereno;Normale;Buona;Ore Diurne;2;0;0;2;12.3936;41.9073;-1;1;Autocarro inferiore 35 q.;In marcia / fermata / arresto;Passeggero;M;Illeso;0;;Non accertato;Inesploso
4602161;18;15/10/2019 07:20:00;Strada Urbana;VIA GAETANO MAZZONI;all'intersezione con;VIA DI MONTESPACCATO;VIA DI MONTESPACCATO;;;Scontro frontale/laterale SX fra veicoli in marcia;Intersezione stradale segnalata;Una carreggiata a senso unico di marcia;Asciutto;Asfaltata;Verticale ed orizzontale;Sereno;Normale;Buona;Ore Diurne;2;0;0;2;12.3936;41.9073;-1;2;Autovettura privata;In marcia / fermata / arresto;Conducente;F;Rimandato;0;NON DECEDUTO;Non accertato;Esploso
4602161;18;15/10/2019 07:20:00;Strada Urbana;VIA GAETANO MAZZONI;all'intersezione con;VIA DI MONTESPACCATO;VIA DI MONTESPACCATO;;;Scontro frontale/laterale SX fra veicoli in marcia;Intersezione stradale segnalata;Una carreggiata a senso unico di marcia;Asciutto;Asfaltata;Verticale ed orizzontale;Sereno;Normale;Buona;Ore Diurne;2;0;0;2;12.3936;41.9073;-1;2;Autovettura privata;In marcia / fermata / arresto;Passeggero;F;Rimandato;0;NON DECEDUTO;Non accertato;Esploso
4602161;18;15/10/2019 07:20:00;Strada Urbana;VIA GAETANO MAZZONI;all'intersezione con;VIA DI MONTESPACCATO;VIA DI MONTESPACCATO;;;Scontro frontale/laterale SX fra veicoli in marcia;Intersezione stradale segnalata;Una carreggiata a senso unico di marcia;Asciutto;Asfaltata;Verticale ed orizzontale;Sereno;Normale;Buona;Ore Diurne;2;0;0;2;12.3936;41.9073;-1;3;Autovettura privata;Sosta;;;;;;;
4602161;18;15/10/2019 07:20:00;Strada Urbana;VIA GAETANO MAZZONI;all'intersezione con;VIA DI MONTESPACCATO;VIA DI MONTESPACCATO;;;Scontro frontale/laterale SX fra veicoli in marcia;Intersezione stradale segnalata;Una carreggiata a senso unico di marcia;Asciutto;Asfaltata;Verticale ed orizzontale;Sereno;Normale;Buona;Ore Diurne;2;0;0;2;12.3936;41.9073;-1;4;Autovettura privata;Sosta;;;;;;;
4602161;18;15/10/2019 07:20:00;Strada Urbana;VIA GAETANO MAZZONI;all'intersezione con;VIA DI MONTESPACCATO;VIA DI MONTESPACCATO;;;Scontro frontale/laterale SX fra veicoli in marcia;Intersezione stradale segnalata;Una carreggiata a senso unico di marcia;Asciutto;Asfaltata;Verticale ed orizzontale;Sereno;Normale;Buona;Ore Diurne;2;0;0;2;12.3936;41.9073;-1;5;Autovettura privata;Sosta;;;;;;;
4602171;7;14/10/2019 18:30:00;Strada Urbana;VIA CASILINA;all'intersezione semaforizzata con;VIALE PALMIRO TOGLIATTI;VIALE PALMIRO TOGLIATTI;;;Scontro laterale fra veicoli in marcia;Intersezione semaforizzata;Una carreggiata a senso unico di marcia;Asciutto;Asfaltata;Verticale ed orizzontale;Sereno;Normale;Buona;Ore Diurne;0;0;0;2;12.5695;41.8739;-1;1;Autocarro inferiore 35 q.;In marcia / fermata / arresto;Conducente;M;Illeso;0;;Non accertato;Inesistente