Protocollo;Gruppo;DataOraIncidente;Localizzazione1;STRADA1;Localizzazione2;STRADA2;Strada02;Chilometrica;DaSpecificare;NaturaIncidente;particolaritastrade;TipoStrada;FondoStradale;Pavimentazione;Segnaletica;CondizioneAtmosferica;Traffico;Visibilita;Illuminazione;NUM_FERITI;NUM_RISERVATA;NUM_MORTI;NUM_ILLESI;Longitudine;Latitudine;Confermato;Progressivo;TipoVeicolo;StatoVeicolo;TipoPersona;Sesso;Tipolesione;Deceduto;DecedutoDopo;CinturaCascoUtilizzato;Airbag;
4602983;6;15/10/2019 13:15:00;Provinciale entro l'abitato;VIA PRENESTINA;in corrispondenza;;del civico n.;273;;Tamponamento Multiplo;Rettilineo;Pi� di due carreggiate;Bagnato (pioggia);Asfaltata;Verticale ed orizzontale;Nuvoloso;Normale;Buona;Ore Diurne;3;0;0;2;12.5474;41.8934;-1;2;Autovettura privata;In marcia / fermata / arresto;Conducente;F;Rifiuta cure immediate;0;NON DECEDUTO;Non accertato;Inesploso
4602983;6;15/10/2019 13:15:00;Provinciale entro l'abitato;VIA PRENESTINA;in corrispondenza;;del civico n.;273;;Tamponamento Multiplo;Rettilineo;Pi� di due carreggiate;Bagnato (pioggia);Asfaltata;Verticale ed orizzontale;Nuvoloso;Normale;Buona;Ore Diurne;3;0;0;2;12.5474;41.8934;-1;3;Autovettura privata;In marcia / fermata / arresto;Conducente;M;Rifiuta cure immediate;0;NON DECEDUTO;Non accertato;Inesploso
4602983;6;15/10/2019 13:15:00;Provinciale entro l'abitato;VIA PRENESTINA;in corrispondenza;;del civico n.;273;;Tamponamento Multiplo;Rettilineo;Pi� di due carreggiate;Bagnato (pioggia);Asfaltata;Verticale ed orizzontale;Nuvoloso;Normale;Buona;Ore Diurne;3;0;0;2;12.5474;41.8934;-1;4;Autocarro inferiore 35 q.;In marcia / fermata / arresto;Conducente;M;Illeso;0;;Non accertato;Inesploso
4602983;6;15/10/2019 13:15:00;Provinciale entro l'abitato;VIA PRENESTINA;in corrispondenza;;del civico n.;273;;Tamponamento Multiplo;Rettilineo;Pi� di due carreggiate;Bagnato (pioggia);Asfaltata;Verticale ed orizzontale;Nuvoloso;Normale;Buona;Ore Diurne;3;0;0;2;12.5474;41.8934;-1;4;Autocarro inferiore 35 q.;In marcia / fermata / arresto;Passeggero;M;Illeso;0;;Non accertato;Inesploso
4602993;12;13/10/2019 09:15:00;Statale;VIA PONTINA;in corrispondenza;;della chilometrica;24;;Tamponamento Multiplo;Rettilineo;Una carreggiata a senso unico di marcia;Asciutto;Asfaltata;Verticale ed orizzontale;Sereno;Intenso;Buona;Ore Diurne;0;0;0;3;12.4522;41.7941;-1;1;Autovettura privata;In marcia / fermata / arresto;Conducente;M;Illeso;0;;Utilizzato;Esploso
4602993;12;13/10/2019 09:15:00;Statale;VIA PONTINA;in corrispondenza;;della chilometrica;24;;Tamponamento Multiplo;Rettilineo;Una carreggiata a senso unico di marcia;Asciutto;Asfaltata;Verticale ed orizzontale;Sereno;Intenso;Buona;Ore Diurne;0;0;0;3;12.4522;41.7941;-1;2;Autovettura privata;In marcia / fermata / arresto;Conducente;F;Illeso;0;;Utilizzato;Inesploso
4602993;12;13/10/2019 09:15:00;Statale;VIA PONTINA;in corrispondenza;;della chilometrica;24;;Tamponamento Multiplo;Rettilineo;Una carreggiata a senso unico di marcia;Asciutto;Asfaltata;Verticale ed orizzontale;Sereno;Intenso;Buona;Ore Diurne;0;0;0;3;12.4522;41.7941;-1;3;Autovettura privata;In marcia / fermata / arresto;Conducente;F;Illeso;0;;Utilizzato;Esploso
4603111;17;14/10/2019 15:45:00;Strada Urbana;PIAZZA CAVOUR;all'intersezione con;VIA TACITO;VIA TACITO;;;Scontro laterale fra veicoli in marcia;Incrocio;Una carreggiata a doppio senso;Asciutto;In cubetti di porfido;Verticale ed orizzontale;Sereno;Normale;Buona;Ore Diurne;0;0;0;3;12.47;41.905;-1;1;Autovettura privata;In marcia / fermata / arresto;Conducente;M;Illeso;0;;;
4603111;17;14/10/2019 15:45:00;Strada Urbana;PIAZZA CAVOUR;all'intersezione con;VIA TACITO;VIA TACITO;;;Scontro laterale fra veicoli in marcia;Incrocio;Una carreggiata a doppio senso;Asciutto;In cubetti di porfido;Verticale ed orizzontale;Sereno;Normale;Buona;Ore Diurne;0;0;0;3;12.47;41.905;-1;1;Autovettura privata;In marcia / fermata / arresto;Passeggero;M;Illeso;0;;;
4603111;17;14/10/2019 15:45:00;Strada Urbana;PIAZZA CAVOUR;all'intersezione con;VIA TACITO;VIA TACITO;;;Scontro laterale fra veicoli in marcia;Incrocio;Una carreggiata a doppio senso;Asciutto;In cubetti di porfido;Verticale ed orizzontale;Sereno;Normale;Buona;Ore Diurne;0;0;0;3;12.47;41.905;-1;2;Autovettura pubblica;In marcia / fermata / arresto;Conducente;M;Illeso;0;;;
4603490;8;13/10/2019 01:30:00;Strada Urbana;VIA CASILINA;da specificare;;;;altezza GRA corsia dir Roma Centro;Scontro frontale fra veicoli in marcia;Rettilineo;Una carreggiata a doppio senso;Asciutto;Asfaltata;Assente;Sereno;Scarso;Sufficiente;Insufficiente;1;0;0;1;12.6199;41.8628;0;1;Autobus di linea;In marcia / fermata / arresto;Conducente;M;Illeso;0;;;
4603490;8;13/10/2019 01:30:00;Strada Urbana;VIA CASILINA;da specificare;;;;altezza GRA corsia dir Roma Centro;Scontro frontale fra veicoli in marcia;Rettilineo;Una carreggiata a doppio senso;Asciutto;Asfaltata;Assente;Sereno;Scarso;Sufficiente;Insufficiente;1;0;0;1;12.6199;41.8628;0;1;Autobus di linea;In marcia / fermata / arresto;Passeggero;M;Rimandato;0;NON DECEDUTO;;
4603558;5;15/10/2019 08:15:00;Strada Urbana;VIA DEI MONTI TIBURTINI;da specificare;;;;dir.Tiburtina rampa sotto Ponte Lanciani;Tamponamento;Rettilineo;Pi� di due carreggiate;Asciutto;Asfaltata;Verticale ed orizzontale;Sereno;Normale;Buona;Ore Diurne;2;0;0;0;12.5271;41.9216;-1;1;Autovettura privata;In marcia / fermata / arresto;Conducente;F;Rimandato;0;NON DECEDUTO;Non accertato;Esploso
4603558;5;15/10/2019 08:15:00;Strada Urbana;VIA DEI MONTI TIBURTINI;da specificare;;;;dir.Tiburtina rampa sotto Ponte Lanciani;Tamponamento;Rettilineo;Pi� di due carreggiate;Asciutto;Asfaltata;Verticale ed orizzontale;Sereno;Normale;Buona;Ore Diurne;2;0;0;0;12.5271;41.9216;-1;2;Motociclo a solo;In marcia / fermata / arresto;Conducente;F;Rimandato;0;NON DECEDUTO;Non accertato;
4603579;6;15/10/2019 17:40:00;Strada Urbana;VIALE FILARETE;da specificare;;;;f.c. 165;Scontro laterale fra veicoli in marcia;Rettilineo;Due carreggiate;Asciutto;Asfaltata;Orizzontale;Sereno;Normale;Buona;Ore Diurne;1;0;0;1;12.539;41.8776;-1;1;Motociclo a solo;In marcia / fermata / arresto;Conducente;M;Rimandato;0;NON DECEDUTO;Non accertato;
4603579;6;15/10/2019 17:40:00;Strada Urbana;VIALE FILARETE;da specificare;;;;f.c. 165;Scontro laterale fra veicoli in marcia;Rettilineo;Due carreggiate;Asciutto;Asfaltata;Orizzontale;Sereno;Normale;Buona;Ore Diurne;1;0;0;1;12.539;41.8776;-1;2;Autovettura privata;In marcia / fermata / arresto;Conducente;M;Illeso;0;;Non accertato;Inesploso
4603579;6;15/10/2019 17:40:00;Strada Urbana;VIALE FILARETE;da specificare;;;;f.c. 165;Scontro laterale fra veicoli in marcia;Rettilineo;Due carreggiate;Asciutto;Asfaltata;Orizzontale;Sereno;Normale;Buona;Ore Diurne;1;0;0;1;12.539;41.8776;-1;3;Autovettura privata;Sosta;;;;;;;
4603583;13;15/10/2019 18:00:00;Strada Urbana;VIA DI SAPONARA;all'intersezione con;VIA GIAMBATTISTA CONTI;VIA GIAMBATTISTA CONTI;;;Scontro laterale fra veicoli in marcia;Incrocio;Una carreggiata a doppio senso;Asciutto;Asfaltata;Assente;Nuvoloso;Intenso;Buona;Sufficiente;1;0;0;2;12.3459;41.7744;-1;1;Autovettura privata;In marcia / fermata / arresto;Conducente;M;Illeso;0;;Non accertato;Inesploso
4603583;13;15/10/2019 18:00:00;Strada Urbana;VIA DI SAPONARA;all'intersezione con;VIA GIAMBATTISTA CONTI;VIA GIAMBATTISTA CONTI;;;Scontro laterale fra veicoli in marcia;Incrocio;Una carreggiata a doppio senso;Asciutto;Asfaltata;Assente;Nuvoloso;Intenso;Buona;Sufficiente;1;0;0;2;12.3459;41.7744;-1;1;Autovettura privata;In marcia / fermata / arresto;Passeggero;M;Illeso;0;;;Inesploso
4603583;13;15/10/2019 18:00:00;Strada Urbana;VIA DI SAPONARA;all'intersezione con;VIA GIAMBATTISTA CONTI;VIA GIAMBATTISTA CONTI;;;Scontro laterale fra veicoli in marcia;Incrocio;Una carreggiata a doppio senso;Asciutto;Asfaltata;Assente;Nuvoloso;Intenso;Buona;Sufficiente;1;0;0;2;12.3459;41.7744;-1;2;Motociclo a solo;In marcia / fermata / arresto;Conducente;M;Rimandato;0;NON DECEDUTO;Utilizzato;
4603612;15;15/10/2019 15:00:00;Strada Urbana;VIA ODERISI DA GUBBIO;all'intersezione semaforizzata con;VIA FRANCESCO GRIMALDI;VIA FRANCESCO GRIMALDI;;;Scontro laterale fra veicoli in marcia;Intersezione semaforizzata;Due carreggiate;Bagnato (umidit� in atto);Asfaltata;Verticale;Nuvoloso;Normale;Sufficiente;Ore Diurne;0;0;0;4;12.4653;41.8654;-1;1;Autovettura privata;In marcia / fermata / arresto;Conducente;M;Illeso;0;;Non accertato;Inesploso
4603612;15;15/10/2019 15:00:00;Strada Urbana;VIA ODERISI DA GUBBIO;all'intersezione semaforizzata con;VIA FRANCESCO GRIMALDI;VIA FRANCESCO GRIMALDI;;;Scontro laterale fra veicoli in marcia;Intersezione semaforizzata;Due carreggiate;Bagnato (umidit� in atto);Asfaltata;Verticale;Nuvoloso;Normale;Sufficiente;Ore Diurne;0;0;0;4;12.4653;41.8654;-1;1;Autovettura privata;In marcia / fermata / arresto;Passeggero;F;Illeso;0;;Non accertato;Inesploso
4603612;15;15/10/2019 15:00:00;Strada Urbana;VIA ODERISI DA GUBBIO;all'intersezione semaforizzata con;VIA FRANCESCO GRIMALDI;VIA FRANCESCO GRIMALDI;;;Scontro laterale fra veicoli in marcia;Intersezione semaforizzata;Due carreggiate;Bagnato (umidit� in atto);Asfaltata;Verticale;Nuvoloso;Normale;Sufficiente;Ore Diurne;0;0;0;4;12.4653;41.8654;-1;2;Autovettura privata;In marcia / fermata / arresto;Conducente;M;Illeso;0;;Non accertato;
4603612;15;15/10/2019 15:00:00;Strada Urbana;VIA ODERISI DA GUBBIO;all'intersezione semaforizzata con;VIA FRANCESCO GRIMALDI;VIA FRANCESCO GRIMALDI;;;Scontro laterale fra veicoli in marcia;Intersezione semaforizzata;Due carreggiate;Bagnato (umidit� in atto);Asfaltata;Verticale;Nuvoloso;Normale;Sufficiente;Ore Diurne;0;0;0;4;12.4653;41.8654;-1;2;Autovettura privata;In marcia / fermata / arresto;Passeggero;F;Illeso;0;;Non accertato;
4603621;15;15/10/2019 16:30:00;Strada Urbana;VIA GIOVANNI PORZIO;da specificare;;;;prossimit� Via P. Calamandrei;Investimento di pedone;Rettilineo;Una carreggiata a doppio senso;Bagnato (umidit� in atto);Asfaltata;Verticale ed orizzontale;Nuvoloso;Scarso;Sufficiente;Ore Diurne;1;0;0;3;12.4415;41.843;-1;;;;Pedone;F;Rimandato;0;NON DECEDUTO;;
4603621;15;15/10/2019 16:30:00;Strada Urbana;VIA GIOVANNI PORZIO;da specificare;;;;prossimit� Via P. Calamandrei;Investimento di pedone;Rettilineo;Una carreggiata a doppio senso;Bagnato (umidit� in atto);Asfaltata;Verticale ed orizzontale;Nuvoloso;Scarso;Sufficiente;Ore Diurne;1;0;0;3;12.4415;41.843;-1;1;Autovettura privata;In marcia / fermata / arresto;Conducente;M;Illeso;0;;;
4603621;15;15/10/2019 16:30:00;Strada Urbana;VIA GIOVANNI PORZIO;da specificare;;;;prossimit� Via P. Calamandrei;Investimento di pedone;Rettilineo;Una carreggiata a doppio senso;Bagnato (umidit� in atto);Asfaltata;Verticale ed orizzontale;Nuvoloso;Scarso;Sufficiente;Ore Diurne;1;0;0;3;12.4415;41.843;-1;1;Autovettura privata;In marcia / fermata / arresto;Passeggero;F;Illeso;0;;;
4603621;15;15/10/2019 16:30:00;Strada Urbana;VIA GIOVANNI PORZIO;da specificare;;;;prossimit� Via P. Calamandrei;Investimento di pedone;Rettilineo;Una carreggiata a doppio senso;Bagnato (umidit� in atto);Asfaltata;Verticale ed orizzontale;Nuvoloso;Scarso;Sufficiente;Ore Diurne;1;0;0;3;12.4415;41.843;-1;1;Autovettura privata;In marcia / fermata / arresto;Passeggero;M;Illeso;0;;;
4603782;12;16/10/2019 00:20:00;Strada Urbana;VIA NAIROBI;all'intersezione con;VIA KARIBA;VIA KARIBA;;;Scontro laterale fra veicoli in marcia;Intersezione stradale segnalata;Una carreggiata a doppio senso;Bagnato (pioggia);Asfaltata;Verticale ed orizzontale;Nuvoloso;Scarso;Sufficiente;Sufficiente;0;0;0;2;12.4734;41.8236;-1;1;Autobus urbano;In marcia / fermata / arresto;Conducente;M;Illeso;0;;Non accertato;Inesploso
4603782;12;16/10/2019 00:20:00;Strada Urbana;VIA NAIROBI;all'intersezione con;VIA KARIBA;VIA KARIBA;;;Scontro laterale fra veicoli in marcia;Intersezione stradale segnalata;Una carreggiata a doppio senso;Bagnato (pioggia);Asfaltata;Verticale ed orizzontale;Nuvoloso;Scarso;Sufficiente;Sufficiente;0;0;0;2;12.4734;41.8236;-1;2;Autovettura privata;In marcia / fermata / arresto;Conducente;M;Illeso;0;;Non accertato;Inesploso
4603911;9;15/10/2019 14:50:00;Strada Urbana;VIA ACAIA;all'intersezione semaforizzata con;PIAZZA GALERIA;PIAZZA GALERIA;;;Investimento di pedone;Intersezione stradale segnalata;Una carreggiata a doppio senso;Bagnato (umidit� in atto);Asfaltata;Verticale ed orizzontale;Nuvoloso;Intenso;Sufficiente;Ore Diurne;1;0;0;1;12.507;41.8747;-1;;;;Pedone;F;Rimandato;0;NON DECEDUTO;;
4603911;9;15/10/2019 14:50:00;Strada Urbana;VIA ACAIA;all'intersezione semaforizzata con;PIAZZA GALERIA;PIAZZA GALERIA;;;Investimento di pedone;Intersezione stradale segnalata;Una carreggiata a doppio senso;Bagnato (umidit� in atto);Asfaltata;Verticale ed orizzontale;Nuvoloso;Intenso;Sufficiente;Ore Diurne;1;0;0;1;12.507;41.8747;-1;1;Motociclo a solo;In marcia / fermata / arresto;Conducente;M;Illeso;0;;Non accertato;
4603922;8;15/10/2019 08:00:00;Provinciale entro l'abitato;VIA PRENESTINA;in corrispondenza;;del civico n.;1534;;Scontro frontale/laterale SX fra veicoli in marcia;Rettilineo;Una carreggiata a doppio senso;Asciutto;Asfaltata;Verticale ed orizzontale;Sereno;Intenso;Buona;Ore Diurne;0;0;0;2;12.6664;41.8907;-1;1;Autovettura privata;In marcia / fermata / arresto;Conducente;F;Illeso;0;;Non accertato;Inesploso
4603922;8;15/10/2019 08:00:00;Provinciale entro l'abitato;VIA PRENESTINA;in corrispondenza;;del civico n.;1534;;Scontro frontale/laterale SX fra veicoli in marcia;Rettilineo;Una carreggiata a doppio senso;Asciutto;Asfaltata;Verticale ed orizzontale;Sereno;Intenso;Buona;Ore Diurne;0;0;0;2;12.6664;41.8907;-1;2;Autoarticolato;In marcia / fermata / arresto;Conducente;M;Illeso;0;;Non accertato;Inesploso
4603926;8;15/10/2019 10:15:00;Strada Urbana;VIA TRINITAPOLI;all'intersezione con;VIA MONOPOLI;VIA MONOPOLI;;;Scontro frontale/laterale DX fra veicoli in marcia;Incrocio;Una carreggiata a senso unico di marcia;Asciutto;Asfaltata;Verticale;Sereno;Scarso;Buona;Ore Diurne;2;0;0;0;12.6166;41.8867;-1;1;Autovettura privata;In marcia / fermata / arresto;Conducente;M;Rimandato;0;NON DECEDUTO;Non accertato;Inesploso
4603926;8;15/10/2019 10:15:00;Strada Urbana;VIA TRINITAPOLI;all'intersezione con;VIA MONOPOLI;VIA MONOPOLI;;;Scontro frontale/laterale DX fra veicoli in marcia;Incrocio;Una carreggiata a senso unico di marcia;Asciutto;Asfaltata;Verticale;Sereno;Scarso;Buona;Ore Diurne;2;0;0;0;12.6166;41.8867;-1;2;Autovettura privata;In marcia / fermata / arresto;Conducente;F;Rifiuta cure immediate;0;NON DECEDUTO;;
4603931;8;15/10/2019 14:20:00;Strada Urbana;VIA COLLATINA;in corrispondenza;;del palo luce n.;533;;Veicolo in marcia contro ostacolo fisso;Curva a visuale libera;Una carreggiata a doppio senso;Bagnato (pioggia);Asfaltata;Orizzontale;Pioggia in atto;Scarso;Buona;Ore Diurne;1;0;0;0;12.6108;41.9058;-1;1;Autovettura privata;In marcia / fermata / arresto;Conducente;F;Rimandato;0;NON DECEDUTO;;
4603935;8;15/10/2019 18:30:00;Strada Urbana;VIA DI VERMICINO;da specificare;;;;fronte Via Giarre;Veicolo in marcia contro veicolo in sosta;Rettilineo;Una carreggiata a doppio senso;Asciutto;Asfaltata;Orizzontale;Nuvoloso;Intenso;Buona;Sufficiente;0;0;0;1;12.661;41.8422;-1;1;Autovettura privata;In marcia / fermata / arresto;Conducente;F;Illeso;0;;;
4603935;8;15/10/2019 18:30:00;Strada Urbana;VIA DI VERMICINO;da specificare;;;;fronte Via Giarre;Veicolo in marcia contro veicolo in sosta;Rettilineo;Una carreggiata a doppio senso;Asciutto;Asfaltata;Orizzontale;Nuvoloso;Intenso;Buona;Sufficiente;0;0;0;1;12.661;41.8422;-1;2;Autovettura privata;Sosta;;;;;;;
4603941;8;15/10/2019 06:30:00;Strada Urbana;VIA COLLATINA;in corrispondenza;;del palo luce n.;556;;Scontro frontale fra veicoli in marcia;Curva a visuale libera;Una carreggiata a doppio senso;Asciutto;Asfaltata;Orizzontale;Sereno;Intenso;Buona;Ore Diurne;1;0;0;1;12.6108;41.9058;-1;1;Autovettura privata;In marcia / fermata / arresto;Conducente;M;Illeso;0;;Non accertato;Inesistente
4603941;8;15/10/2019 06:30:00;Strada Urbana;VIA COLLATINA;in corrispondenza;;del palo luce n.;556;;Scontro frontale fra veicoli in marcia;Curva a visuale libera;Una carreggiata a doppio senso;Asciutto;Asfaltata;Orizzontale;Sereno;Intenso;Buona;Ore Diurne;1;0;0;1;12.6108;41.9058;-1;2;Motociclo a solo;In marcia / fermata / arresto;Conducente;M;Ricoverato;0;NON DECEDUTO;;
4603943;8;15/10/2019 07:30:00;Strada Urbana;VIA DELLE CERQUETE;in prossimit�;;del palo luce n.;38;;Veicolo in marcia contro ostacolo fisso;Rettilineo;Una carreggiata a doppio senso;Asciutto;Asfaltata;Assente;Sereno;Scarso;Buona;Ore Diurne;2;0;0;1;12.6699;41.9136;-1;1;Autovettura privata;In marcia / fermata / arresto;Conducente;M;Rifiuta cure immediate;0;NON DECEDUTO;Non accertato;Esploso
4603943;8;15/10/2019 07:30:00;Strada Urbana;VIA DELLE CERQUETE;in prossimit�;;del palo luce n.;38;;Veicolo in marcia contro ostacolo fisso;Rettilineo;Una carreggiata a doppio senso;Asciutto;Asfaltata;Assente;Sereno;Scarso;Buona;Ore Diurne;2;0;0;1;12.6699;41.9136;-1;1;Autovettura privata;In marcia / fermata / arresto;Passeggero;F;Rifiuta cure immediate;0;NON DECEDUTO;Non accertato;Esploso
4603943;8;15/10/2019 07:30:00;Strada Urbana;VIA DELLE CERQUETE;in prossimit�;;del palo luce n.;38;;Veicolo in marcia contro ostacolo fisso;Rettilineo;Una carreggiata a doppio senso;Asciutto;Asfaltata;Assente;Sereno;Scarso;Buona;Ore Diurne;2;0;0;1;12.6699;41.9136;-1;1;Autovettura privata;In marcia / fermata / arresto;Passeggero;F;Illeso;0;;Non accertato;Inesistente
4603945;8;15/10/2019 08:00:00;Strada Urbana;VIA CELESTINO ROSATELLI;da specificare;;;;circa 200 m prima di Via Collatina;Veicolo in marcia contro ostacolo fisso;Rettilineo;Due carreggiate;Asciutto;Asfaltata;Verticale ed orizzontale;Nuvoloso;Normale;Buona;Ore Diurne;1;0;0;0;12.6639;41.9174;-1;1;Autovettura privata;In marcia / fermata / arresto;Conducente;M;Rimandato;0;NON DECEDUTO;;
4603947;8;16/10/2019 00:10:00;Strada Urbana;VIA GALLARATE;all'intersezione con;VIA CASILINA VECCHIA;VIA CASILINA VECCHIA;;;Scontro frontale/laterale DX fra veicoli in marcia;Intersezione semaforizzata;Due carreggiate;Bagnato (umidit� in atto);Asfaltata;Verticale;Nuvoloso;Intenso;Sufficiente;Sufficiente;0;0;0;3;12.5216;41.8878;-1;1;Autovettura privata;In marcia / fermata / arresto;Conducente;M;Illeso;0;;Non accertato;Inesploso
4603947;8;16/10/2019 00:10:00;Strada Urbana;VIA GALLARATE;all'intersezione con;VIA CASILINA VECCHIA;VIA CASILINA VECCHIA;;;Scontro frontale/laterale DX fra veicoli in marcia;Intersezione semaforizzata;Due carreggiate;Bagnato (umidit� in atto);Asfaltata;Verticale;Nuvoloso;Intenso;Sufficiente;Sufficiente;0;0;0;3;12.5216;41.8878;-1;1;Autovettura privata;In marcia / fermata / arresto;Passeggero;M;Illeso;0;;Non accertato;Inesploso
4603947;8;16/10/2019 00:10:00;Strada Urbana;VIA GALLARATE;all'intersezione con;VIA CASILINA VECCHIA;VIA CASILINA VECCHIA;;;Scontro frontale/laterale DX fra veicoli in marcia;Intersezione semaforizzata;Due carreggiate;Bagnato (umidit� in atto);Asfaltata;Verticale;Nuvoloso;Intenso;Sufficiente;Sufficiente;0;0;0;3;12.5216;41.8878;-1;2;Autovettura privata;In marcia / fermata / arresto;Conducente;M;Illeso;0;;Non accertato;Inesploso
4603950;11;15/10/2019 20:30:00;Strada Urbana;VIA SATRICO;in prossimit�;;del civico n.;16;;Scontro laterale fra veicoli in marcia;Rettilineo;Una carreggiata a doppio senso;Bagnato (pioggia);Asfaltata;Verticale ed orizzontale;Nuvoloso;Normale;Sufficiente;Sufficiente;1;0;0;1;12.5069;41.8772;-1;1;Autovettura privata;In marcia / fermata / arresto;Conducente;F;Illeso;0;;Non accertato;
4603950;11;15/10/2019 20:30:00;Strada Urbana;VIA SATRICO;in prossimit�;;del civico n.;16;;Scontro laterale fra veicoli in marcia;Rettilineo;Una carreggiata a doppio senso;Bagnato (pioggia);Asfaltata;Verticale ed orizzontale;Nuvoloso;Normale;Sufficiente;Sufficiente;1;0;0;1;12.5069;41.8772;-1;2;Motociclo a solo;In marcia / fermata / arresto;Conducente;M;Rimandato;0;NON DECEDUTO;Non accertato;
4603953;8;16/10/2019 01:40:00;Strada Urbana;PIAZZA DEI RE DI ROMA;da specificare;;;;alt. Via Appia (rotatoria);Veicolo in marcia contro ostacolo fisso;Rotatoria;Una carreggiata a senso unico di marcia;Bagnato (umidit� in atto);Asfaltata;Verticale ed orizzontale;Nuvoloso;Normale;Sufficiente;Sufficiente;0;0;0;2;12.5146;41.8813;-1;1;Autovettura privata;In marcia / fermata / arresto;Conducente;M;Illeso;0;;;
4603953;8;16/10/2019 01:40:00;Strada Urbana;PIAZZA DEI RE DI ROMA;da specificare;;;;alt. Via Appia (rotatoria);Veicolo in marcia contro ostacolo fisso;Rotatoria;Una carreggiata a senso unico di marcia;Bagnato (umidit� in atto);Asfaltata;Verticale ed orizzontale;Nuvoloso;Normale;Sufficiente;Sufficiente;0;0;0;2;12.5146;41.8813;-1;1;Autovettura privata;In marcia / fermata / arresto;Passeggero;M;Illeso;0;;;
4603963;15;16/10/2019 00:10:00;Strada Urbana;VIA DEI MATTEINI;da specificare;;;;fronte civ. 29;Veicolo in marcia contro ostacolo fisso;Rettilineo;Una carreggiata a doppio senso;Bagnato (umidit� in atto);Asfaltata;Orizzontale;Nuvoloso;Scarso;Buona;Sufficiente;0;1;0;0;12.4139;41.8725;-1;1;Autovettura privata;In marcia / fermata / arresto;Conducente;M;Prognosi riservata;0;NON DECEDUTO;Non accertato;
4603974;10;15/10/2019 12:45:00;Strada Urbana;VIA ANNIA REGILLA;in corrispondenza;;del civico n.;155;;Veicolo in marcia contro veicoli in sosta;Curva a visuale libera;Una carreggiata a senso unico di marcia;Bagnato (pioggia);Asfaltata;Verticale ed orizzontale;Nuvoloso;Scarso;Buona;Ore Diurne;0;0;0;1;12.5489;41.845;-1;1;Autovettura privata;In marcia / fermata / arresto;Conducente;F;Illeso;0;;;
4603974;10;15/10/2019 12:45:00;Strada Urbana;VIA ANNIA REGILLA;in corrispondenza;;del civico n.;155;;Veicolo in marcia contro veicoli in sosta;Curva a visuale libera;Una carreggiata a senso unico di marcia;Bagnato (pioggia);Asfaltata;Verticale ed orizzontale;Nuvoloso;Scarso;Buona;Ore Diurne;0;0;0;1;12.5489;41.845;-1;2;Autovettura privata;Sosta;;;;;;;
4603974;10;15/10/2019 12:45:00;Strada Urbana;VIA ANNIA REGILLA;in corrispondenza;;del civico n.;155;;Veicolo in marcia contro veicoli in sosta;Curva a visuale libera;Una carreggiata a senso unico di marcia;Bagnato (pioggia);Asfaltata;Verticale ed orizzontale;Nuvoloso;Scarso;Buona;Ore Diurne;0;0;0;1;12.5489;41.845;-1;3;Autovettura privata;Sosta;;;;;;;
4603974;10;15/10/2019 12:45:00;Strada Urbana;VIA ANNIA REGILLA;in corrispondenza;;del civico n.;155;;Veicolo in marcia contro veicoli in sosta;Curva a visuale libera;Una carreggiata a senso unico di marcia;Bagnato (pioggia);Asfaltata;Verticale ed orizzontale;Nuvoloso;Scarso;Buona;Ore Diurne;0;0;0;1;12.5489;41.845;-1;4;Autovettura privata;Sosta;;;;;;;
4603974;10;15/10/2019 12:45:00;Strada Urbana;VIA ANNIA REGILLA;in corrispondenza;;del civico n.;155;;Veicolo in marcia contro veicoli in sosta;Curva a visuale libera;Una carreggiata a senso unico di marcia;Bagnato (pioggia);Asfaltata;Verticale ed orizzontale;Nuvoloso;Scarso;Buona;Ore Diurne;0;0;0;1;12.5489;41.845;-1;5;Autovettura privata;Sosta;;;;;;;
4603974;10;15/10/2019 12:45:00;Strada Urbana;VIA ANNIA REGILLA;in corrispondenza;;del civico n.;155;;Veicolo in marcia contro veicoli in sosta;Curva a visuale libera;Una carreggiata a senso unico di marcia;Bagnato (pioggia);Asfaltata;Verticale ed orizzontale;Nuvoloso;Scarso;Buona;Ore Diurne;0;0;0;1;12.5489;41.845;-1;6;Autovettura privata;Sosta;;;;;;;
4603974;10;15/10/2019 12:45:00;Strada Urbana;VIA ANNIA REGILLA;in corrispondenza;;del civico n.;155;;Veicolo in marcia contro veicoli in sosta;Curva a visuale libera;Una carreggiata a senso unico di marcia;Bagnato (pioggia);Asfaltata;Verticale ed orizzontale;Nuvoloso;Scarso;Buona;Ore Diurne;0;0;0;1;12.5489;41.845;-1;7;Autovettura privata;Sosta;;;;;;;
4603974;10;15/10/2019 12:45:00;Strada Urbana;VIA ANNIA REGILLA;in corrispondenza;;del civico n.;155;;Veicolo in marcia contro veicoli in sosta;Curva a visuale libera;Una carreggiata a senso unico di marcia;Bagnato (pioggia);Asfaltata;Verticale ed orizzontale;Nuvoloso;Scarso;Buona;Ore Diurne;0;0;0;1;12.5489;41.845;-1;8;Autovettura privata;Sosta;;;;;;;