Protocollo;Gruppo;DataOraIncidente;Localizzazione1;STRADA1;Localizzazione2;STRADA2;Strada02;Chilometrica;DaSpecificare;NaturaIncidente;particolaritastrade;TipoStrada;FondoStradale;Pavimentazione;Segnaletica;CondizioneAtmosferica;Traffico;Visibilita;Illuminazione;NUM_FERITI;NUM_RISERVATA;NUM_MORTI;NUM_ILLESI;Longitudine;Latitudine;Confermato;Progressivo;TipoVeicolo;StatoVeicolo;TipoPersona;Sesso;Tipolesione;Deceduto;DecedutoDopo;CinturaCascoUtilizzato;Airbag;
4604178;7;15/10/2019 17:10:00;Strada Urbana;VIA DEI FRASSINI;in corrispondenza;;del civico n.;96;;Veicolo in marcia contro veicolo fermo;Rettilineo;Una carreggiata a doppio senso;Bagnato (pioggia);Asfaltata;Verticale ed orizzontale;Nuvoloso;Normale;Buona;Ore Diurne;0;0;0;2;12.5683;41.8832;-1;1;Autovettura privata;In marcia / fermata / arresto;Conducente;M;Illeso;0;;Non accertato;Inesploso
4604178;7;15/10/2019 17:10:00;Strada Urbana;VIA DEI FRASSINI;in corrispondenza;;del civico n.;96;;Veicolo in marcia contro veicolo fermo;Rettilineo;Una carreggiata a doppio senso;Bagnato (pioggia);Asfaltata;Verticale ed orizzontale;Nuvoloso;Normale;Buona;Ore Diurne;0;0;0;2;12.5683;41.8832;-1;2;Autovettura privata;Allontanatosi;Conducente;;Illeso;0;;;
4604195;5;15/10/2019 08:55:00;Strada Urbana;VIA TIBURTINA;in prossimit�;;del civico n.;848;;Scontro laterale fra veicoli in marcia;Rettilineo;Una carreggiata a doppio senso;Asciutto;Asfaltata;Orizzontale;Sereno;Normale;Buona;Ore Diurne;0;0;0;2;12.5629;41.9168;-1;1;Motociclo a solo;In marcia / fermata / arresto;Conducente;M;Illeso;0;;Non accertato;
4604195;5;15/10/2019 08:55:00;Strada Urbana;VIA TIBURTINA;in prossimit�;;del civico n.;848;;Scontro laterale fra veicoli in marcia;Rettilineo;Una carreggiata a doppio senso;Asciutto;Asfaltata;Orizzontale;Sereno;Normale;Buona;Ore Diurne;0;0;0;2;12.5629;41.9168;-1;2;Autovettura privata;In marcia / fermata / arresto;Conducente;M;Illeso;0;;Non accertato;Inesploso
4604225;1;12/10/2019 21:00:00;Strada Urbana;CORSO DEL RINASCIMENTO;in prossimit�;;del civico n.;79;;Tamponamento;Rettilineo;Una carreggiata a doppio senso;Asciutto;In cubetti di porfido;Verticale ed orizzontale;Sereno;Normale;Buona;Sufficiente;0;0;0;5;12.4739;41.8998;-1;1;Autovettura privata;In marcia / fermata / arresto;Conducente;M;Illeso;0;;Non accertato;Inesploso
4604225;1;12/10/2019 21:00:00;Strada Urbana;CORSO DEL RINASCIMENTO;in prossimit�;;del civico n.;79;;Tamponamento;Rettilineo;Una carreggiata a doppio senso;Asciutto;In cubetti di porfido;Verticale ed orizzontale;Sereno;Normale;Buona;Sufficiente;0;0;0;5;12.4739;41.8998;-1;2;Autovettura privata;In marcia / fermata / arresto;Conducente;M;Illeso;0;;Non accertato;Inesploso
4604225;1;12/10/2019 21:00:00;Strada Urbana;CORSO DEL RINASCIMENTO;in prossimit�;;del civico n.;79;;Tamponamento;Rettilineo;Una carreggiata a doppio senso;Asciutto;In cubetti di porfido;Verticale ed orizzontale;Sereno;Normale;Buona;Sufficiente;0;0;0;5;12.4739;41.8998;-1;2;Autovettura privata;In marcia / fermata / arresto;Passeggero;M;Illeso;0;;;
4604225;1;12/10/2019 21:00:00;Strada Urbana;CORSO DEL RINASCIMENTO;in prossimit�;;del civico n.;79;;Tamponamento;Rettilineo;Una carreggiata a doppio senso;Asciutto;In cubetti di porfido;Verticale ed orizzontale;Sereno;Normale;Buona;Sufficiente;0;0;0;5;12.4739;41.8998;-1;2;Autovettura privata;In marcia / fermata / arresto;Passeggero;F;Illeso;0;;;Inesploso
4604225;1;12/10/2019 21:00:00;Strada Urbana;CORSO DEL RINASCIMENTO;in prossimit�;;del civico n.;79;;Tamponamento;Rettilineo;Una carreggiata a doppio senso;Asciutto;In cubetti di porfido;Verticale ed orizzontale;Sereno;Normale;Buona;Sufficiente;0;0;0;5;12.4739;41.8998;-1;2;Autovettura privata;In marcia / fermata / arresto;Passeggero;F;Illeso;0;;;
4604235;5;15/10/2019 14:10:00;Strada Urbana;VIA MATTEO TONDI;all'intersezione con;VIA LUDOVICO PASINI;VIA LUDOVICO PASINI;;;Scontro frontale/laterale SX fra veicoli in marcia;Incrocio;Una carreggiata a doppio senso;Bagnato (pioggia);Asfaltata;Verticale ed orizzontale;Pioggia in atto;Normale;Buona;Ore Diurne;0;0;0;3;12.5577;41.918;-1;1;Autovettura privata;In marcia / fermata / arresto;Conducente;M;Illeso;0;;Non accertato;Inesploso
4604235;5;15/10/2019 14:10:00;Strada Urbana;VIA MATTEO TONDI;all'intersezione con;VIA LUDOVICO PASINI;VIA LUDOVICO PASINI;;;Scontro frontale/laterale SX fra veicoli in marcia;Incrocio;Una carreggiata a doppio senso;Bagnato (pioggia);Asfaltata;Verticale ed orizzontale;Pioggia in atto;Normale;Buona;Ore Diurne;0;0;0;3;12.5577;41.918;-1;2;Autovettura privata;In marcia / fermata / arresto;Conducente;M;Illeso;0;;Non accertato;Inesploso
4604235;5;15/10/2019 14:10:00;Strada Urbana;VIA MATTEO TONDI;all'intersezione con;VIA LUDOVICO PASINI;VIA LUDOVICO PASINI;;;Scontro frontale/laterale SX fra veicoli in marcia;Incrocio;Una carreggiata a doppio senso;Bagnato (pioggia);Asfaltata;Verticale ed orizzontale;Pioggia in atto;Normale;Buona;Ore Diurne;0;0;0;3;12.5577;41.918;-1;2;Autovettura privata;In marcia / fermata / arresto;Passeggero;M;Illeso;0;;Non accertato;Inesploso
4604250;5;15/10/2019 19:15:00;Strada Urbana;VIA GIUSEPPE ANTONIO ANDRIULLI;da specificare;;;;direzione Tiburtina altezza A24;Scontro laterale fra veicoli in marcia;Rettilineo;Due carreggiate;Asciutto;Asfaltata;Verticale ed orizzontale;Sereno;Normale;Buona;Ore Diurne;0;0;0;3;12.5573;41.9046;-1;1;Autovettura privata;In marcia / fermata / arresto;Conducente;F;Illeso;0;;Non accertato;
4604250;5;15/10/2019 19:15:00;Strada Urbana;VIA GIUSEPPE ANTONIO ANDRIULLI;da specificare;;;;direzione Tiburtina altezza A24;Scontro laterale fra veicoli in marcia;Rettilineo;Due carreggiate;Asciutto;Asfaltata;Verticale ed orizzontale;Sereno;Normale;Buona;Ore Diurne;0;0;0;3;12.5573;41.9046;-1;2;Autovettura privata;In marcia / fermata / arresto;Conducente;M;Illeso;0;;Non accertato;
4604250;5;15/10/2019 19:15:00;Strada Urbana;VIA GIUSEPPE ANTONIO ANDRIULLI;da specificare;;;;direzione Tiburtina altezza A24;Scontro laterale fra veicoli in marcia;Rettilineo;Due carreggiate;Asciutto;Asfaltata;Verticale ed orizzontale;Sereno;Normale;Buona;Ore Diurne;0;0;0;3;12.5573;41.9046;-1;2;Autovettura privata;In marcia / fermata / arresto;Passeggero;M;Illeso;0;;Non accertato;
4604259;4;15/10/2019 14:00:00;Strada Urbana;VIA GIANNA PEDERZINI;da specificare;;;;prossimit� VIADOTTO SARAGAT;Veicolo in marcia contro ostacolo fisso;Curva a visuale libera;Due carreggiate;Bagnato (pioggia);Asfaltata;Verticale ed orizzontale;Pioggia in atto;Scarso;Buona;Ore Diurne;1;0;0;0;12.5215;41.9727;-1;1;Autovettura privata;In marcia / fermata / arresto;Conducente;M;Rimandato;0;NON DECEDUTO;Non accertato;Inesploso
4604268;5;15/10/2019 22:45:00;Strada Urbana;NUOVA CIRCONVALLAZIONE INTERNA;da specificare;;;;direz.S.Giovanni uscita Monti Tiburtini;Veicolo in marcia contro ostacolo fisso;Rettilineo;Una carreggiata a senso unico di marcia;Bagnato (pioggia);Asfaltata;Verticale ed orizzontale;Pioggia in atto;Scarso;Buona;Sufficiente;0;0;0;1;12.5301;41.9155;-1;1;Autovettura privata;In marcia / fermata / arresto;Conducente;M;Illeso;0;;Non accertato;
4604272;4;15/10/2019 14:30:00;Strada Urbana;VIA CONCA D'ORO;all'intersezione con;VIA VAL DI SANGRO;VIA VAL DI SANGRO;;;Scontro frontale/laterale SX fra veicoli in marcia;Incrocio;Una carreggiata a doppio senso;Bagnato (pioggia);Asfaltata;Verticale ed orizzontale;Nuvoloso;Normale;Buona;Ore Diurne;1;0;0;1;12.5244;41.9405;-1;1;Autovettura privata;In marcia / fermata / arresto;Conducente;F;Rifiuta cure immediate;0;NON DECEDUTO;;
4604272;4;15/10/2019 14:30:00;Strada Urbana;VIA CONCA D'ORO;all'intersezione con;VIA VAL DI SANGRO;VIA VAL DI SANGRO;;;Scontro frontale/laterale SX fra veicoli in marcia;Incrocio;Una carreggiata a doppio senso;Bagnato (pioggia);Asfaltata;Verticale ed orizzontale;Nuvoloso;Normale;Buona;Ore Diurne;1;0;0;1;12.5244;41.9405;-1;2;Autocarro inferiore 35 q.;In marcia / fermata / arresto;Conducente;M;Illeso;0;;;
4604281;7;15/10/2019 07:50:00;Strada Urbana;VIA RINA MONTI;in corrispondenza;;del civico n.;36;;Veicolo in marcia contro veicolo in sosta;Rettilineo;Una carreggiata a doppio senso;Asciutto;Asfaltata;Assente;Nuvoloso;Scarso;Buona;Ore Diurne;0;0;0;1;12.6053;41.8964;-1;1;Autovettura privata;Sosta;;;;;;;
4604281;7;15/10/2019 07:50:00;Strada Urbana;VIA RINA MONTI;in corrispondenza;;del civico n.;36;;Veicolo in marcia contro veicolo in sosta;Rettilineo;Una carreggiata a doppio senso;Asciutto;Asfaltata;Assente;Nuvoloso;Scarso;Buona;Ore Diurne;0;0;0;1;12.6053;41.8964;-1;2;Autocarro superiore 35 q.;In marcia / fermata / arresto;Conducente;M;Illeso;0;;Non accertato;Inesploso
4604289;13;15/10/2019 17:50:00;Strada Urbana;VIA OSTIENSE;all'intersezione con;VIA PAVULLO NEL FRIGNANO;VIA PAVULLO NEL FRIGNANO;;;Scontro laterale fra veicoli in marcia;Intersezione stradale segnalata;Una carreggiata a doppio senso;Asciutto;Asfaltata;Verticale ed orizzontale;Nuvoloso;Intenso;Sufficiente;Ore Diurne;0;0;0;2;12.4229;41.8109;-1;1;Motociclo a solo;In marcia / fermata / arresto;Conducente;M;Illeso;0;;Non accertato;Inesploso
4604289;13;15/10/2019 17:50:00;Strada Urbana;VIA OSTIENSE;all'intersezione con;VIA PAVULLO NEL FRIGNANO;VIA PAVULLO NEL FRIGNANO;;;Scontro laterale fra veicoli in marcia;Intersezione stradale segnalata;Una carreggiata a doppio senso;Asciutto;Asfaltata;Verticale ed orizzontale;Nuvoloso;Intenso;Sufficiente;Ore Diurne;0;0;0;2;12.4229;41.8109;-1;2;Autovettura privata;In marcia / fermata / arresto;Conducente;M;Illeso;0;;Non accertato;Inesploso
4604304;4;15/10/2019 16:30:00;Statale;VIA SALARIA;in prossimit�;;del civico n.;746;;Tamponamento Multiplo;Rettilineo;Due carreggiate;Bagnato (umidit� in atto);Asfaltata;Orizzontale;Nuvoloso;Normale;Buona;Ore Diurne;2;0;0;2;12.5072;41.9461;-1;1;Autovettura privata;In marcia / fermata / arresto;Conducente;M;Illeso;0;;Non accertato;
4604304;4;15/10/2019 16:30:00;Statale;VIA SALARIA;in prossimit�;;del civico n.;746;;Tamponamento Multiplo;Rettilineo;Due carreggiate;Bagnato (umidit� in atto);Asfaltata;Orizzontale;Nuvoloso;Normale;Buona;Ore Diurne;2;0;0;2;12.5072;41.9461;-1;2;Autovettura privata;In marcia / fermata / arresto;Conducente;M;Illeso;0;;Non accertato;Inesploso
4604304;4;15/10/2019 16:30:00;Statale;VIA SALARIA;in prossimit�;;del civico n.;746;;Tamponamento Multiplo;Rettilineo;Due carreggiate;Bagnato (umidit� in atto);Asfaltata;Orizzontale;Nuvoloso;Normale;Buona;Ore Diurne;2;0;0;2;12.5072;41.9461;-1;3;Autovettura privata;In marcia / fermata / arresto;Conducente;M;Rifiuta cure immediate;0;NON DECEDUTO;Non accertato;Inesploso
4604304;4;15/10/2019 16:30:00;Statale;VIA SALARIA;in prossimit�;;del civico n.;746;;Tamponamento Multiplo;Rettilineo;Due carreggiate;Bagnato (umidit� in atto);Asfaltata;Orizzontale;Nuvoloso;Normale;Buona;Ore Diurne;2;0;0;2;12.5072;41.9461;-1;4;Autovettura privata;In marcia / fermata / arresto;Conducente;M;Rifiuta cure immediate;0;NON DECEDUTO;Non accertato;
4604311;13;15/10/2019 12:40:00;Strada Urbana;VIALE CRISTOFORO COLOMBO;in prossimit�;;della chilometrica;21.2;;Scontro frontale/laterale DX fra veicoli in marcia;Rettilineo;Due carreggiate;Bagnato (pioggia);Asfaltata;Orizzontale;Pioggia in atto;Normale;Buona;Ore Diurne;0;0;0;3;12.4536;41.8089;-1;1;Autocarro inferiore 35 q.;In marcia / fermata / arresto;Conducente;M;Illeso;0;;Non accertato;Inesploso
4604311;13;15/10/2019 12:40:00;Strada Urbana;VIALE CRISTOFORO COLOMBO;in prossimit�;;della chilometrica;21.2;;Scontro frontale/laterale DX fra veicoli in marcia;Rettilineo;Due carreggiate;Bagnato (pioggia);Asfaltata;Orizzontale;Pioggia in atto;Normale;Buona;Ore Diurne;0;0;0;3;12.4536;41.8089;-1;2;Autocarro inferiore 35 q.;In marcia / fermata / arresto;Conducente;M;Illeso;0;;Non accertato;Inesploso
4604311;13;15/10/2019 12:40:00;Strada Urbana;VIALE CRISTOFORO COLOMBO;in prossimit�;;della chilometrica;21.2;;Scontro frontale/laterale DX fra veicoli in marcia;Rettilineo;Due carreggiate;Bagnato (pioggia);Asfaltata;Orizzontale;Pioggia in atto;Normale;Buona;Ore Diurne;0;0;0;3;12.4536;41.8089;-1;2;Autocarro inferiore 35 q.;In marcia / fermata / arresto;Passeggero;M;Illeso;0;;Non accertato;Inesploso
4604319;17;15/10/2019 12:00:00;Strada Urbana;VIA DARDANELLI;in prossimit�;;del civico n.;21;;Veicolo in marcia contro veicolo in sosta;Rettilineo;Una carreggiata a senso unico di marcia;Bagnato (pioggia);Asfaltata;Orizzontale;Nuvoloso;Scarso;Buona;Ore Diurne;0;0;0;1;12.4574;41.9175;-1;1;Autocarro inferiore 35 q.;In marcia / fermata / arresto;Conducente;M;Illeso;0;;;
4604319;17;15/10/2019 12:00:00;Strada Urbana;VIA DARDANELLI;in prossimit�;;del civico n.;21;;Veicolo in marcia contro veicolo in sosta;Rettilineo;Una carreggiata a senso unico di marcia;Bagnato (pioggia);Asfaltata;Orizzontale;Nuvoloso;Scarso;Buona;Ore Diurne;0;0;0;1;12.4574;41.9175;-1;2;Autocarro inferiore 35 q.;Sosta;;;;;;;
4604340;18;15/10/2019 14:25:00;Strada Urbana;VIA LEONE XIII;da specificare;;;;PROSSIMITA' VIA PIO IV;Tamponamento;Pendenza;Due carreggiate;Bagnato (pioggia);Asfaltata;Verticale ed orizzontale;Nuvoloso;Normale;Buona;Ore Diurne;1;0;0;2;12.438;41.8923;-1;1;Quadriciclo leggero;In marcia / fermata / arresto;Conducente;M;Illeso;0;;;
4604340;18;15/10/2019 14:25:00;Strada Urbana;VIA LEONE XIII;da specificare;;;;PROSSIMITA' VIA PIO IV;Tamponamento;Pendenza;Due carreggiate;Bagnato (pioggia);Asfaltata;Verticale ed orizzontale;Nuvoloso;Normale;Buona;Ore Diurne;1;0;0;2;12.438;41.8923;-1;1;Quadriciclo leggero;In marcia / fermata / arresto;Passeggero;M;Illeso;0;;;
4604340;18;15/10/2019 14:25:00;Strada Urbana;VIA LEONE XIII;da specificare;;;;PROSSIMITA' VIA PIO IV;Tamponamento;Pendenza;Due carreggiate;Bagnato (pioggia);Asfaltata;Verticale ed orizzontale;Nuvoloso;Normale;Buona;Ore Diurne;1;0;0;2;12.438;41.8923;-1;2;Autovettura privata;In marcia / fermata / arresto;Conducente;M;Rimandato;0;NON DECEDUTO;;
4604341;1;13/10/2019 12:30:00;Strada Urbana;VIA DEL TEATRO DI MARCELLO;da specificare;;;;in prossimit� varco ZTL VICO JUGARIO;Scontro laterale fra veicoli in marcia;Rettilineo;Una carreggiata a senso unico alternato;Asciutto;In cubetti di porfido;Verticale ed orizzontale;Sereno;Normale;Buona;Ore Diurne;0;0;0;3;12.4806;41.8909;-1;1;Autovettura pubblica;In marcia / fermata / arresto;Conducente;M;Illeso;0;;Non accertato;Inesploso
4604341;1;13/10/2019 12:30:00;Strada Urbana;VIA DEL TEATRO DI MARCELLO;da specificare;;;;in prossimit� varco ZTL VICO JUGARIO;Scontro laterale fra veicoli in marcia;Rettilineo;Una carreggiata a senso unico alternato;Asciutto;In cubetti di porfido;Verticale ed orizzontale;Sereno;Normale;Buona;Ore Diurne;0;0;0;3;12.4806;41.8909;-1;2;Autovettura privata;In marcia / fermata / arresto;Conducente;M;Illeso;0;;Non accertato;Inesploso
4604341;1;13/10/2019 12:30:00;Strada Urbana;VIA DEL TEATRO DI MARCELLO;da specificare;;;;in prossimit� varco ZTL VICO JUGARIO;Scontro laterale fra veicoli in marcia;Rettilineo;Una carreggiata a senso unico alternato;Asciutto;In cubetti di porfido;Verticale ed orizzontale;Sereno;Normale;Buona;Ore Diurne;0;0;0;3;12.4806;41.8909;-1;2;Autovettura privata;In marcia / fermata / arresto;Passeggero;F;Illeso;0;;Non accertato;Inesploso
4604347;7;15/10/2019 08:15:00;Strada Urbana;VIA TOR DE' SCHIAVI;all'intersezione con;VIA FEDERICO DELPINO;VIA FEDERICO DELPINO;;;Scontro frontale/laterale DX fra veicoli in marcia;Intersezione semaforizzata;Due carreggiate;Asciutto;Asfaltata;Verticale ed orizzontale;Sereno;Intenso;Sufficiente;Ore Diurne;0;0;0;2;12.5607;41.8907;-1;1;Autovettura privata;In marcia / fermata / arresto;Conducente;F;Illeso;0;;Non accertato;Inesploso
4604347;7;15/10/2019 08:15:00;Strada Urbana;VIA TOR DE' SCHIAVI;all'intersezione con;VIA FEDERICO DELPINO;VIA FEDERICO DELPINO;;;Scontro frontale/laterale DX fra veicoli in marcia;Intersezione semaforizzata;Due carreggiate;Asciutto;Asfaltata;Verticale ed orizzontale;Sereno;Intenso;Sufficiente;Ore Diurne;0;0;0;2;12.5607;41.8907;-1;2;Autovettura privata;In marcia / fermata / arresto;Conducente;M;Illeso;0;;Non accertato;Inesploso
4604348;13;15/10/2019 17:00:00;Strada Urbana;VIA ERMANNO WOLF FERRARI;da specificare;;;;area distributore "Esso";Scontro frontale/laterale DX fra veicoli in marcia;Rettilineo;Una carreggiata a doppio senso;Asciutto;Asfaltata;Orizzontale;Sereno;Intenso;Buona;Ore Diurne;1;0;0;4;12.3779;41.7482;-1;1;Autovettura privata;In marcia / fermata / arresto;Conducente;F;Illeso;0;;Non accertato;Inesploso
4604348;13;15/10/2019 17:00:00;Strada Urbana;VIA ERMANNO WOLF FERRARI;da specificare;;;;area distributore "Esso";Scontro frontale/laterale DX fra veicoli in marcia;Rettilineo;Una carreggiata a doppio senso;Asciutto;Asfaltata;Orizzontale;Sereno;Intenso;Buona;Ore Diurne;1;0;0;4;12.3779;41.7482;-1;1;Autovettura privata;In marcia / fermata / arresto;Passeggero;F;Illeso;0;;Non accertato;Inesploso
4604348;13;15/10/2019 17:00:00;Strada Urbana;VIA ERMANNO WOLF FERRARI;da specificare;;;;area distributore "Esso";Scontro frontale/laterale DX fra veicoli in marcia;Rettilineo;Una carreggiata a doppio senso;Asciutto;Asfaltata;Orizzontale;Sereno;Intenso;Buona;Ore Diurne;1;0;0;4;12.3779;41.7482;-1;1;Autovettura privata;In marcia / fermata / arresto;Passeggero;M;Illeso;0;;Non accertato;Inesploso
4604348;13;15/10/2019 17:00:00;Strada Urbana;VIA ERMANNO WOLF FERRARI;da specificare;;;;area distributore "Esso";Scontro frontale/laterale DX fra veicoli in marcia;Rettilineo;Una carreggiata a doppio senso;Asciutto;Asfaltata;Orizzontale;Sereno;Intenso;Buona;Ore Diurne;1;0;0;4;12.3779;41.7482;-1;1;Autovettura privata;In marcia / fermata / arresto;Passeggero;M;Illeso;0;;Non accertato;Inesploso
4604348;13;15/10/2019 17:00:00;Strada Urbana;VIA ERMANNO WOLF FERRARI;da specificare;;;;area distributore "Esso";Scontro frontale/laterale DX fra veicoli in marcia;Rettilineo;Una carreggiata a doppio senso;Asciutto;Asfaltata;Orizzontale;Sereno;Intenso;Buona;Ore Diurne;1;0;0;4;12.3779;41.7482;-1;2;Motociclo a solo;In marcia / fermata / arresto;Conducente;M;Rimandato;0;NON DECEDUTO;Non accertato;
4604356;2;15/10/2019 08:30:00;Strada Urbana;VIA PINCIANA;in prossimit�;;del civico n.;fr. 13;;Veicolo in marcia contro ostacolo accidentale;Rettilineo;Una carreggiata a doppio senso;Asciutto;Asfaltata;Verticale ed orizzontale;Sereno;Normale;Buona;Ore Diurne;0;0;0;4;12.4924;41.9123;-1;1;Altro;In marcia / fermata / arresto;Conducente;M;Illeso;0;;Non accertato;Inesploso
4604356;2;15/10/2019 08:30:00;Strada Urbana;VIA PINCIANA;in prossimit�;;del civico n.;fr. 13;;Veicolo in marcia contro ostacolo accidentale;Rettilineo;Una carreggiata a doppio senso;Asciutto;Asfaltata;Verticale ed orizzontale;Sereno;Normale;Buona;Ore Diurne;0;0;0;4;12.4924;41.9123;-1;2;Autovettura privata;In marcia / fermata / arresto;Conducente;M;Illeso;0;;Non accertato;Inesploso
4604356;2;15/10/2019 08:30:00;Strada Urbana;VIA PINCIANA;in prossimit�;;del civico n.;fr. 13;;Veicolo in marcia contro ostacolo accidentale;Rettilineo;Una carreggiata a doppio senso;Asciutto;Asfaltata;Verticale ed orizzontale;Sereno;Normale;Buona;Ore Diurne;0;0;0;4;12.4924;41.9123;-1;2;Autovettura privata;In marcia / fermata / arresto;Passeggero;F;Illeso;0;;Non accertato;Inesploso
4604356;2;15/10/2019 08:30:00;Strada Urbana;VIA PINCIANA;in prossimit�;;del civico n.;fr. 13;;Veicolo in marcia contro ostacolo accidentale;Rettilineo;Una carreggiata a doppio senso;Asciutto;Asfaltata;Verticale ed orizzontale;Sereno;Normale;Buona;Ore Diurne;0;0;0;4;12.4924;41.9123;-1;2;Autovettura privata;In marcia / fermata / arresto;Passeggero;F;Illeso;0;;Non accertato;Inesploso
4604367;16;15/10/2019 09:20:00;Strada Urbana;PIAZZA S. GIOVANNI DI DIO;in corrispondenza;;del civico n.;22;;Scontro laterale fra veicoli in marcia;Rettilineo;Una carreggiata a doppio senso;Asciutto;Asfaltata;Orizzontale;Sereno;Normale;Buona;Ore Diurne;1;0;0;1;12.4468;41.8754;-1;1;Motociclo con passeggero;In marcia / fermata / arresto;Conducente;M;Rimandato;0;NON DECEDUTO;Non accertato;
4604367;16;15/10/2019 09:20:00;Strada Urbana;PIAZZA S. GIOVANNI DI DIO;in corrispondenza;;del civico n.;22;;Scontro laterale fra veicoli in marcia;Rettilineo;Una carreggiata a doppio senso;Asciutto;Asfaltata;Orizzontale;Sereno;Normale;Buona;Ore Diurne;1;0;0;1;12.4468;41.8754;-1;2;Autocarro inferiore 35 q.;In marcia / fermata / arresto;Conducente;M;Illeso;0;;Non accertato;Inesploso
4604372;2;15/10/2019 09:20:00;Strada Urbana;VIA SALARIA;in prossimit�;;del civico n.;fr. 403;;Scontro laterale fra veicoli in marcia;Rettilineo;Due carreggiate;Asciutto;Asfaltata;Verticale ed orizzontale;Sereno;Normale;Buona;Ore Diurne;1;0;0;2;12.5092;41.9339;-1;1;Motociclo a solo;In marcia / fermata / arresto;Conducente;M;Rimandato;0;NON DECEDUTO;;
4604372;2;15/10/2019 09:20:00;Strada Urbana;VIA SALARIA;in prossimit�;;del civico n.;fr. 403;;Scontro laterale fra veicoli in marcia;Rettilineo;Due carreggiate;Asciutto;Asfaltata;Verticale ed orizzontale;Sereno;Normale;Buona;Ore Diurne;1;0;0;2;12.5092;41.9339;-1;2;Autovettura privata;In marcia / fermata / arresto;Conducente;M;Illeso;0;;;
4604372;2;15/10/2019 09:20:00;Strada Urbana;VIA SALARIA;in prossimit�;;del civico n.;fr. 403;;Scontro laterale fra veicoli in marcia;Rettilineo;Due carreggiate;Asciutto;Asfaltata;Verticale ed orizzontale;Sereno;Normale;Buona;Ore Diurne;1;0;0;2;12.5092;41.9339;-1;2;Autovettura privata;In marcia / fermata / arresto;Passeggero;F;Illeso;0;;;
4604397;2;15/10/2019 10:00:00;Strada Urbana;LUNGOTEVERE GRANDE A.GLIO THAON DI REVEL;in prossimit�;;del civico n.;3;;Scontro laterale fra veicoli in marcia;Rettilineo;Una carreggiata a doppio senso;Asciutto;Asfaltata;Verticale ed orizzontale;Nuvoloso;Normale;Buona;Ore Diurne;1;0;0;1;12.4632;41.9319;-1;1;Motociclo a solo;In marcia / fermata / arresto;Conducente;M;Rimandato;0;NON DECEDUTO;;
4604397;2;15/10/2019 10:00:00;Strada Urbana;LUNGOTEVERE GRANDE A.GLIO THAON DI REVEL;in prossimit�;;del civico n.;3;;Scontro laterale fra veicoli in marcia;Rettilineo;Una carreggiata a doppio senso;Asciutto;Asfaltata;Verticale ed orizzontale;Nuvoloso;Normale;Buona;Ore Diurne;1;0;0;1;12.4632;41.9319;-1;2;Autovettura privata;In marcia / fermata / arresto;Conducente;M;Illeso;0;;;
4604397;2;15/10/2019 10:00:00;Strada Urbana;LUNGOTEVERE GRANDE A.GLIO THAON DI REVEL;in prossimit�;;del civico n.;3;;Scontro laterale fra veicoli in marcia;Rettilineo;Una carreggiata a doppio senso;Asciutto;Asfaltata;Verticale ed orizzontale;Nuvoloso;Normale;Buona;Ore Diurne;1;0;0;1;12.4632;41.9319;-1;3;Autovettura privata;Sosta;;;;;;;
4604411;2;15/10/2019 17:30:00;Strada Urbana;VIA ANTONIO SANT'ELIA;da specificare;;;;alt. FONTE DELL'ACQUA ACETOSA;Scontro laterale fra veicoli in marcia;Curva a visuale libera;Una carreggiata a senso unico di marcia;Asciutto;Asfaltata;Verticale ed orizzontale;Nuvoloso;Intenso;Buona;Ore Diurne;0;0;0;2;12.4836;41.9316;-1;1;Autocarro superiore 35 q.;In marcia / fermata / arresto;Conducente;M;Illeso;0;;Non accertato;Inesploso
4604411;2;15/10/2019 17:30:00;Strada Urbana;VIA ANTONIO SANT'ELIA;da specificare;;;;alt. FONTE DELL'ACQUA ACETOSA;Scontro laterale fra veicoli in marcia;Curva a visuale libera;Una carreggiata a senso unico di marcia;Asciutto;Asfaltata;Verticale ed orizzontale;Nuvoloso;Intenso;Buona;Ore Diurne;0;0;0;2;12.4836;41.9316;-1;2;Autovettura privata;In marcia / fermata / arresto;Conducente;F;Illeso;0;;Non accertato;Inesploso
4604428;2;15/10/2019 18:15:00;Strada Urbana;VIALE DEL MUSEO BORGHESE;da specificare;;;;alt. PIAZZALE MUSEO BORGHESE;Ribaltamento senza urto contro ostacolo fisso;Rettilineo;Una carreggiata a senso unico di marcia;Bagnato (umidit� in atto);Asfaltata;Assente;Nuvoloso;Scarso;Sufficiente;Sufficiente;1;0;0;0;12.4896;41.9117;-1;1;Velocipede;In marcia / fermata / arresto;Conducente;M;Rimandato;0;NON DECEDUTO;Esente;
4604465;1;13/10/2019 01:30:00;Strada Urbana;VIALE DI PORTA ARDEATINA;all'intersezione semaforizzata con;VIA CRISTOFORO COLOMBO;VIA CRISTOFORO COLOMBO;;;Tamponamento;Intersezione semaforizzata;Una carreggiata a doppio senso;Asciutto;Asfaltata;Verticale ed orizzontale;Sereno;Scarso;Buona;Sufficiente;0;0;0;5;12.4963;41.8732;-1;1;Autovettura privata;In marcia / fermata / arresto;Conducente;F;Illeso;0;;Non accertato;Inesploso