Protocollo;Gruppo;DataOraIncidente;Localizzazione1;STRADA1;Localizzazione2;STRADA2;Strada02;Chilometrica;DaSpecificare;NaturaIncidente;particolaritastrade;TipoStrada;FondoStradale;Pavimentazione;Segnaletica;CondizioneAtmosferica;Traffico;Visibilita;Illuminazione;NUM_FERITI;NUM_RISERVATA;NUM_MORTI;NUM_ILLESI;Longitudine;Latitudine;Confermato;Progressivo;TipoVeicolo;StatoVeicolo;TipoPersona;Sesso;Tipolesione;Deceduto;DecedutoDopo;CinturaCascoUtilizzato;Airbag;
4607624;12;16/10/2019 18:30:00;Strada Urbana;VIALE EUROPA;all'intersezione con;VIALE BOSTON;VIALE BOSTON;;;Scontro laterale fra veicoli in marcia;Incrocio;Una carreggiata a doppio senso;Asciutto;Asfaltata;Verticale ed orizzontale;Sereno;Normale;Buona;Insufficiente;0;0;0;2;12.4685;41.831;-1;1;Autovettura privata;In marcia / fermata / arresto;Conducente;F;Illeso;0;;;
4607624;12;16/10/2019 18:30:00;Strada Urbana;VIALE EUROPA;all'intersezione con;VIALE BOSTON;VIALE BOSTON;;;Scontro laterale fra veicoli in marcia;Incrocio;Una carreggiata a doppio senso;Asciutto;Asfaltata;Verticale ed orizzontale;Sereno;Normale;Buona;Insufficiente;0;0;0;2;12.4685;41.831;-1;2;Motociclo a solo;In marcia / fermata / arresto;Conducente;F;Illeso;0;;Utilizzato;
4607640;6;17/10/2019 18:00:00;Strada Urbana;VIA TEANO;in prossimit�;;del civico n.;126;;Scontro laterale fra veicoli in marcia;Rettilineo;Una carreggiata a doppio senso;Asciutto;Asfaltata;Verticale ed orizzontale;Sereno;Normale;Buona;Ore Diurne;1;0;0;2;12.5531;41.8895;-1;1;Motociclo a solo;In marcia / fermata / arresto;Conducente;M;Rifiuta cure immediate;0;NON DECEDUTO;;
4607640;6;17/10/2019 18:00:00;Strada Urbana;VIA TEANO;in prossimit�;;del civico n.;126;;Scontro laterale fra veicoli in marcia;Rettilineo;Una carreggiata a doppio senso;Asciutto;Asfaltata;Verticale ed orizzontale;Sereno;Normale;Buona;Ore Diurne;1;0;0;2;12.5531;41.8895;-1;2;Autovettura privata;In marcia / fermata / arresto;Conducente;M;Illeso;0;;Non accertato;Inesploso
4607640;6;17/10/2019 18:00:00;Strada Urbana;VIA TEANO;in prossimit�;;del civico n.;126;;Scontro laterale fra veicoli in marcia;Rettilineo;Una carreggiata a doppio senso;Asciutto;Asfaltata;Verticale ed orizzontale;Sereno;Normale;Buona;Ore Diurne;1;0;0;2;12.5531;41.8895;-1;2;Autovettura privata;In marcia / fermata / arresto;Passeggero;F;Illeso;0;;Non accertato;Inesploso
4607655;12;16/10/2019 15:20:00;Strada Urbana;VIA BRUNO BRANDELLERO;in prossimit�;;del palo luce n.;2;;Veicolo in marcia contro ostacolo accidentale;Curva senza visuale libera;Due carreggiate;Asciutto;Asfaltata;Verticale ed orizzontale;Sereno;Normale;Buona;Ore Diurne;0;0;0;1;12.4506;41.8056;-1;1;Motociclo con passeggero;In marcia / fermata / arresto;Conducente;M;Illeso;0;;Utilizzato;
4607658;12;16/10/2019 12:30:00;Strada Urbana;VIA MAR DELLA CINA;in prossimit�;;del civico n.;200;;Veicolo in marcia contro ostacolo accidentale;Rettilineo;Una carreggiata a doppio senso;Asciutto;Asfaltata;Verticale ed orizzontale;Sereno;Scarso;Buona;Ore Diurne;0;0;0;1;12.4389;41.8125;-1;1;Autovettura privata;Sosta;;;;;;;
4607658;12;16/10/2019 12:30:00;Strada Urbana;VIA MAR DELLA CINA;in prossimit�;;del civico n.;200;;Veicolo in marcia contro ostacolo accidentale;Rettilineo;Una carreggiata a doppio senso;Asciutto;Asfaltata;Verticale ed orizzontale;Sereno;Scarso;Buona;Ore Diurne;0;0;0;1;12.4389;41.8125;-1;2;Veicolo speciale;In marcia / fermata / arresto;Conducente;M;Illeso;0;;;
4607662;5;17/10/2019 08:20:00;Strada Urbana;VIA VITTORIO ZINCONE;in corrispondenza;;del civico n.;1;;Scontro laterale fra veicoli in marcia;Rettilineo;Una carreggiata a doppio senso;Asciutto;Asfaltata;Assente;Sereno;Intenso;Buona;Ore Diurne;0;0;0;3;12.5551;41.9088;-1;1;Autovettura privata;In marcia / fermata / arresto;Conducente;M;Illeso;0;;Non accertato;Inesploso
4607662;5;17/10/2019 08:20:00;Strada Urbana;VIA VITTORIO ZINCONE;in corrispondenza;;del civico n.;1;;Scontro laterale fra veicoli in marcia;Rettilineo;Una carreggiata a doppio senso;Asciutto;Asfaltata;Assente;Sereno;Intenso;Buona;Ore Diurne;0;0;0;3;12.5551;41.9088;-1;2;Autovettura privata;In marcia / fermata / arresto;Conducente;F;Illeso;0;;Non accertato;Inesploso
4607662;5;17/10/2019 08:20:00;Strada Urbana;VIA VITTORIO ZINCONE;in corrispondenza;;del civico n.;1;;Scontro laterale fra veicoli in marcia;Rettilineo;Una carreggiata a doppio senso;Asciutto;Asfaltata;Assente;Sereno;Intenso;Buona;Ore Diurne;0;0;0;3;12.5551;41.9088;-1;2;Autovettura privata;In marcia / fermata / arresto;Passeggero;M;Illeso;0;;Non accertato;Inesploso
4607670;5;17/10/2019 13:55:00;Strada Urbana;VIA TIBURTINA;da specificare;;;;area metro Rebibbia;Scontro laterale fra veicoli in marcia;Rettilineo;Pi� di due carreggiate;Asciutto;Asfaltata;Verticale;Sereno;Normale;Buona;Ore Diurne;0;0;0;2;12.5739;41.9257;-1;1;Autovettura privata;In marcia / fermata / arresto;Conducente;M;Illeso;0;;Non accertato;
4607670;5;17/10/2019 13:55:00;Strada Urbana;VIA TIBURTINA;da specificare;;;;area metro Rebibbia;Scontro laterale fra veicoli in marcia;Rettilineo;Pi� di due carreggiate;Asciutto;Asfaltata;Verticale;Sereno;Normale;Buona;Ore Diurne;0;0;0;2;12.5739;41.9257;-1;2;Autobus di linea;In marcia / fermata / arresto;Conducente;M;Illeso;0;;Non accertato;
4607677;5;17/10/2019 16:35:00;Strada Urbana;VIA STEFANO PITTALUGA;all'intersezione con;LARGO GIOVANNI PITTALUGA;LARGO GIOVANNI PITTALUGA;;;Investimento di pedone;Incrocio;Due carreggiate;Asciutto;Asfaltata;Orizzontale;Sereno;Normale;Buona;Ore Diurne;1;0;0;1;12.6401;41.8659;-1;;;;Pedone;M;Rimandato;0;NON DECEDUTO;;
4607677;5;17/10/2019 16:35:00;Strada Urbana;VIA STEFANO PITTALUGA;all'intersezione con;LARGO GIOVANNI PITTALUGA;LARGO GIOVANNI PITTALUGA;;;Investimento di pedone;Incrocio;Due carreggiate;Asciutto;Asfaltata;Orizzontale;Sereno;Normale;Buona;Ore Diurne;1;0;0;1;12.6401;41.8659;-1;1;Autocarro inferiore 35 q.;In marcia / fermata / arresto;Conducente;M;Illeso;0;;Non accertato;Inesploso
4607684;15;17/10/2019 12:20:00;Strada Urbana;VIALE GUGLIELMO MARCONI;da specificare;;;;alt. civ. 20;Scontro frontale/laterale SX fra veicoli in marcia;Rettilineo;Due carreggiate;Asciutto;Asfaltata;Orizzontale;Sereno;Normale;Buona;Ore Diurne;2;0;0;1;12.4713;41.8573;-1;1;Autovettura privata;In marcia / fermata / arresto;Conducente;M;Illeso;0;;Non accertato;Inesploso
4607684;15;17/10/2019 12:20:00;Strada Urbana;VIALE GUGLIELMO MARCONI;da specificare;;;;alt. civ. 20;Scontro frontale/laterale SX fra veicoli in marcia;Rettilineo;Due carreggiate;Asciutto;Asfaltata;Orizzontale;Sereno;Normale;Buona;Ore Diurne;2;0;0;1;12.4713;41.8573;-1;2;Motociclo con passeggero;In marcia / fermata / arresto;Conducente;F;Rimandato;0;NON DECEDUTO;Non accertato;
4607684;15;17/10/2019 12:20:00;Strada Urbana;VIALE GUGLIELMO MARCONI;da specificare;;;;alt. civ. 20;Scontro frontale/laterale SX fra veicoli in marcia;Rettilineo;Due carreggiate;Asciutto;Asfaltata;Orizzontale;Sereno;Normale;Buona;Ore Diurne;2;0;0;1;12.4713;41.8573;-1;2;Motociclo con passeggero;In marcia / fermata / arresto;Passeggero;F;Rimandato;0;NON DECEDUTO;Non accertato;
4607684;15;17/10/2019 12:20:00;Strada Urbana;VIALE GUGLIELMO MARCONI;da specificare;;;;alt. civ. 20;Scontro frontale/laterale SX fra veicoli in marcia;Rettilineo;Due carreggiate;Asciutto;Asfaltata;Orizzontale;Sereno;Normale;Buona;Ore Diurne;2;0;0;1;12.4713;41.8573;-1;3;Autocarro inferiore 35 q.;Sosta;;;;;;;
4607693;12;16/10/2019 13:50:00;Strada Urbana;VIALE DELL'OCEANO PACIFICO;da specificare;;;;fronte civico 11;Scontro frontale/laterale SX fra veicoli in marcia;Rettilineo;Una carreggiata a doppio senso;Asciutto;Asfaltata;Verticale ed orizzontale;Sereno;Normale;Buona;Ore Diurne;0;0;0;2;12.4587;41.8225;-1;1;Motociclo a solo;In marcia / fermata / arresto;Conducente;M;Illeso;0;;;
4607693;12;16/10/2019 13:50:00;Strada Urbana;VIALE DELL'OCEANO PACIFICO;da specificare;;;;fronte civico 11;Scontro frontale/laterale SX fra veicoli in marcia;Rettilineo;Una carreggiata a doppio senso;Asciutto;Asfaltata;Verticale ed orizzontale;Sereno;Normale;Buona;Ore Diurne;0;0;0;2;12.4587;41.8225;-1;2;Motociclo a solo;In marcia / fermata / arresto;Conducente;M;Illeso;0;;;
4607707;12;16/10/2019 17:09:00;Provinciale;VIA OSTIENSE;da specificare;;;;fr. prox. civ. 258;Tamponamento Multiplo;Rettilineo;Una carreggiata a doppio senso;Asciutto;Asfaltata;Verticale ed orizzontale;Sereno;Intenso;Buona;Ore Diurne;2;0;0;3;12.4229;41.8109;-1;1;Autovettura privata;In marcia / fermata / arresto;Conducente;M;Illeso;0;;Utilizzato;Inesploso
4607707;12;16/10/2019 17:09:00;Provinciale;VIA OSTIENSE;da specificare;;;;fr. prox. civ. 258;Tamponamento Multiplo;Rettilineo;Una carreggiata a doppio senso;Asciutto;Asfaltata;Verticale ed orizzontale;Sereno;Intenso;Buona;Ore Diurne;2;0;0;3;12.4229;41.8109;-1;2;Autovettura privata;In marcia / fermata / arresto;Conducente;F;Rimandato;0;NON DECEDUTO;Non accertato;Inesploso
4607707;12;16/10/2019 17:09:00;Provinciale;VIA OSTIENSE;da specificare;;;;fr. prox. civ. 258;Tamponamento Multiplo;Rettilineo;Una carreggiata a doppio senso;Asciutto;Asfaltata;Verticale ed orizzontale;Sereno;Intenso;Buona;Ore Diurne;2;0;0;3;12.4229;41.8109;-1;3;Autovettura privata;In marcia / fermata / arresto;Conducente;F;Rimandato;0;NON DECEDUTO;Non accertato;
4607707;12;16/10/2019 17:09:00;Provinciale;VIA OSTIENSE;da specificare;;;;fr. prox. civ. 258;Tamponamento Multiplo;Rettilineo;Una carreggiata a doppio senso;Asciutto;Asfaltata;Verticale ed orizzontale;Sereno;Intenso;Buona;Ore Diurne;2;0;0;3;12.4229;41.8109;-1;3;Autovettura privata;In marcia / fermata / arresto;Passeggero;F;Illeso;0;;Non accertato;Inesploso
4607707;12;16/10/2019 17:09:00;Provinciale;VIA OSTIENSE;da specificare;;;;fr. prox. civ. 258;Tamponamento Multiplo;Rettilineo;Una carreggiata a doppio senso;Asciutto;Asfaltata;Verticale ed orizzontale;Sereno;Intenso;Buona;Ore Diurne;2;0;0;3;12.4229;41.8109;-1;4;Autovettura privata;In marcia / fermata / arresto;Conducente;M;Illeso;0;;Utilizzato;Inesploso
4608086;6;17/10/2019 23:00:00;Strada Urbana;VIALE DELLA PRIMAVERA;da specificare;;;;f.c. 304;Veicolo in marcia contro ostacolo fisso;Rettilineo;Due carreggiate;Asciutto;Asfaltata;Verticale ed orizzontale;Sereno;Scarso;Buona;Sufficiente;1;0;0;0;12.5604;41.8814;-1;1;Autocarro inferiore 35 q.;In marcia / fermata / arresto;Conducente;M;Rifiuta cure immediate;0;NON DECEDUTO;Non accertato;Inesploso
4608090;20;17/10/2019 15:40:00;Strada Urbana;VIA CASSIA;all'intersezione con;VIA BARBARANO ROMANO;VIA BARBARANO ROMANO;;;Scontro frontale/laterale SX fra veicoli in marcia;Incrocio;Una carreggiata a doppio senso;Asciutto;Asfaltata;Verticale ed orizzontale;Sereno;Normale;Buona;Ore Diurne;1;0;0;1;12.4137;41.9828;-1;1;Autovettura privata;In marcia / fermata / arresto;Conducente;F;Illeso;0;;Non accertato;Inesploso
4608090;20;17/10/2019 15:40:00;Strada Urbana;VIA CASSIA;all'intersezione con;VIA BARBARANO ROMANO;VIA BARBARANO ROMANO;;;Scontro frontale/laterale SX fra veicoli in marcia;Incrocio;Una carreggiata a doppio senso;Asciutto;Asfaltata;Verticale ed orizzontale;Sereno;Normale;Buona;Ore Diurne;1;0;0;1;12.4137;41.9828;-1;2;Motociclo a solo;In marcia / fermata / arresto;Conducente;M;Rimandato;0;NON DECEDUTO;;
4608091;15;17/10/2019 21:45:00;Strada Urbana;VIA PORTUENSE;all'intersezione semaforizzata con;VIA DI VIGNA PIA;VIA DI VIGNA PIA;;;Scontro laterale fra veicoli in marcia;Intersezione semaforizzata;Due carreggiate;Asciutto;Asfaltata;Verticale ed orizzontale;Sereno;Scarso;Buona;Sufficiente;0;0;0;2;12.414;41.8469;-1;1;Autovettura privata;In marcia / fermata / arresto;Conducente;M;Illeso;0;;Utilizzato;
4608091;15;17/10/2019 21:45:00;Strada Urbana;VIA PORTUENSE;all'intersezione semaforizzata con;VIA DI VIGNA PIA;VIA DI VIGNA PIA;;;Scontro laterale fra veicoli in marcia;Intersezione semaforizzata;Due carreggiate;Asciutto;Asfaltata;Verticale ed orizzontale;Sereno;Scarso;Buona;Sufficiente;0;0;0;2;12.414;41.8469;-1;2;Autovettura privata;In marcia / fermata / arresto;Conducente;M;Illeso;0;;Utilizzato;
4608092;10;17/10/2019 15:20:00;Strada Urbana;VIA TUSCOLANA;in prossimit�;;del civico n.;866;;Veicolo in marcia contro veicolo arresto;Rettilineo;Due carreggiate;Asciutto;Asfaltata;Verticale ed orizzontale;Sereno;Normale;Buona;Ore Diurne;1;0;0;1;12.5497;41.8632;-1;1;Motociclo a solo;In marcia / fermata / arresto;Conducente;M;Rimandato;0;NON DECEDUTO;Non accertato;
4608092;10;17/10/2019 15:20:00;Strada Urbana;VIA TUSCOLANA;in prossimit�;;del civico n.;866;;Veicolo in marcia contro veicolo arresto;Rettilineo;Due carreggiate;Asciutto;Asfaltata;Verticale ed orizzontale;Sereno;Normale;Buona;Ore Diurne;1;0;0;1;12.5497;41.8632;-1;2;Autovettura pubblica;In marcia / fermata / arresto;Conducente;M;Illeso;0;;Non accertato;Esploso
4608094;10;17/10/2019 19:35:00;Strada Urbana;PIAZZA DI S. MARIA AUSILIATRICE;in prossimit�;;del civico n.;53;;Scontro laterale fra veicoli in marcia;Rettilineo;Due carreggiate;Asciutto;Asfaltata;Verticale ed orizzontale;Sereno;Normale;Buona;Sufficiente;0;0;0;2;12.5297;41.8738;-1;1;Autovettura privata;In marcia / fermata / arresto;Conducente;M;Illeso;0;;Non accertato;Inesploso
4608094;10;17/10/2019 19:35:00;Strada Urbana;PIAZZA DI S. MARIA AUSILIATRICE;in prossimit�;;del civico n.;53;;Scontro laterale fra veicoli in marcia;Rettilineo;Due carreggiate;Asciutto;Asfaltata;Verticale ed orizzontale;Sereno;Normale;Buona;Sufficiente;0;0;0;2;12.5297;41.8738;-1;2;Autovettura privata;In marcia / fermata / arresto;Conducente;F;Illeso;0;;Non accertato;Inesploso
4608097;15;17/10/2019 17:20:00;Strada Urbana;VIALE GUGLIELMO MARCONI;in prossimit�;;del civico n.;182;;Scontro laterale fra veicoli in marcia;Rettilineo;Due carreggiate;Asciutto;Asfaltata;Verticale ed orizzontale;Sereno;Normale;Buona;Ore Diurne;0;0;0;2;12.4686;41.8656;-1;1;Autovettura privata;In marcia / fermata / arresto;Conducente;M;Illeso;0;;Utilizzato;
4608097;15;17/10/2019 17:20:00;Strada Urbana;VIALE GUGLIELMO MARCONI;in prossimit�;;del civico n.;182;;Scontro laterale fra veicoli in marcia;Rettilineo;Due carreggiate;Asciutto;Asfaltata;Verticale ed orizzontale;Sereno;Normale;Buona;Ore Diurne;0;0;0;2;12.4686;41.8656;-1;2;Motociclo a solo;In marcia / fermata / arresto;Conducente;M;Illeso;0;;Utilizzato;
4608112;11;17/10/2019 12:25:00;Strada Urbana;VIA VALCO DI S. PAOLO;all'intersezione semaforizzata con;VIA OSTIENSE;VIA OSTIENSE;;;Investimento di pedone;Intersezione semaforizzata;Una carreggiata a doppio senso;Asciutto;Asfaltata;Verticale ed orizzontale;Sereno;Normale;Buona;Ore Diurne;1;0;0;1;12.4766;41.8523;-1;;;;Pedone;M;Rimandato;0;NON DECEDUTO;;
4608112;11;17/10/2019 12:25:00;Strada Urbana;VIA VALCO DI S. PAOLO;all'intersezione semaforizzata con;VIA OSTIENSE;VIA OSTIENSE;;;Investimento di pedone;Intersezione semaforizzata;Una carreggiata a doppio senso;Asciutto;Asfaltata;Verticale ed orizzontale;Sereno;Normale;Buona;Ore Diurne;1;0;0;1;12.4766;41.8523;-1;1;Autovettura privata;In marcia / fermata / arresto;Conducente;M;Illeso;0;;Non accertato;
4608115;9;17/10/2019 15:00:00;Strada Urbana;VIA MAGNAGRECIA;in prossimit�;;del civico n.;47;;Scontro laterale fra veicoli in marcia;Rettilineo;Una carreggiata a doppio senso;Asciutto;Asfaltata;Verticale ed orizzontale;Sereno;Intenso;Buona;Ore Diurne;2;0;0;1;12.5094;41.8842;-1;1;Autovettura privata;In marcia / fermata / arresto;Conducente;M;Illeso;0;;Non accertato;Inesploso
4608115;9;17/10/2019 15:00:00;Strada Urbana;VIA MAGNAGRECIA;in prossimit�;;del civico n.;47;;Scontro laterale fra veicoli in marcia;Rettilineo;Una carreggiata a doppio senso;Asciutto;Asfaltata;Verticale ed orizzontale;Sereno;Intenso;Buona;Ore Diurne;2;0;0;1;12.5094;41.8842;-1;2;Motociclo con passeggero;In marcia / fermata / arresto;Conducente;M;Rimandato;0;NON DECEDUTO;Non accertato;
4608115;9;17/10/2019 15:00:00;Strada Urbana;VIA MAGNAGRECIA;in prossimit�;;del civico n.;47;;Scontro laterale fra veicoli in marcia;Rettilineo;Una carreggiata a doppio senso;Asciutto;Asfaltata;Verticale ed orizzontale;Sereno;Intenso;Buona;Ore Diurne;2;0;0;1;12.5094;41.8842;-1;2;Motociclo con passeggero;In marcia / fermata / arresto;Passeggero;M;Rimandato;0;NON DECEDUTO;Non accertato;
4608121;11;17/10/2019 17:00:00;Strada Urbana;CIRCONVALLAZIONE OSTIENSE;da specificare;;;;SOTTOVIA;Veicolo in marcia contro ostacolo fisso;Curva senza visuale libera;Una carreggiata a senso unico di marcia;Asciutto;Asfaltata;Verticale ed orizzontale;Sereno;Scarso;Buona;Sufficiente;1;0;0;0;12.4956;41.8673;-1;1;Ciclomotore;In marcia / fermata / arresto;Conducente;M;Rimandato;0;NON DECEDUTO;;
4608142;11;17/10/2019 09:10:00;Strada Urbana;LARGO BENEDETTO BOMPIANI;in corrispondenza;;del civico n.;7;;Investimento di pedone;Rettilineo;Una carreggiata a senso unico di marcia;Asciutto;Asfaltata;Verticale ed orizzontale;Sereno;Scarso;Buona;Ore Diurne;0;0;0;2;12.5028;41.8591;-1;;;;Pedone;M;Illeso;0;;;
4608142;11;17/10/2019 09:10:00;Strada Urbana;LARGO BENEDETTO BOMPIANI;in corrispondenza;;del civico n.;7;;Investimento di pedone;Rettilineo;Una carreggiata a senso unico di marcia;Asciutto;Asfaltata;Verticale ed orizzontale;Sereno;Scarso;Buona;Ore Diurne;0;0;0;2;12.5028;41.8591;-1;1;Autovettura privata;In marcia / fermata / arresto;Conducente;F;Illeso;0;;;
4608154;9;17/10/2019 15:25:00;Strada Urbana;VIA MAGNAGRECIA;in corrispondenza;;del civico n.;16;;Veicolo in marcia contro veicolo arresto;Rettilineo;Una carreggiata a doppio senso;Asciutto;Asfaltata;Verticale ed orizzontale;Sereno;Intenso;Buona;Ore Diurne;1;0;0;2;12.5093;41.8849;-1;1;Autovettura privata;In marcia / fermata / arresto;Conducente;M;Illeso;0;;Non accertato;Inesploso
4608154;9;17/10/2019 15:25:00;Strada Urbana;VIA MAGNAGRECIA;in corrispondenza;;del civico n.;16;;Veicolo in marcia contro veicolo arresto;Rettilineo;Una carreggiata a doppio senso;Asciutto;Asfaltata;Verticale ed orizzontale;Sereno;Intenso;Buona;Ore Diurne;1;0;0;2;12.5093;41.8849;-1;1;Autovettura privata;In marcia / fermata / arresto;Passeggero;F;Illeso;0;;Non accertato;Inesploso
4608154;9;17/10/2019 15:25:00;Strada Urbana;VIA MAGNAGRECIA;in corrispondenza;;del civico n.;16;;Veicolo in marcia contro veicolo arresto;Rettilineo;Una carreggiata a doppio senso;Asciutto;Asfaltata;Verticale ed orizzontale;Sereno;Intenso;Buona;Ore Diurne;1;0;0;2;12.5093;41.8849;-1;2;Motociclo a solo;In marcia / fermata / arresto;Conducente;F;Rimandato;0;NON DECEDUTO;Non accertato;
4608157;11;17/10/2019 19:30:00;Strada Urbana;VIA OSTIENSE;in corrispondenza;;del civico n.;335;;Tamponamento;Rettilineo;Una carreggiata a doppio senso;Asciutto;Asfaltata;Verticale ed orizzontale;Sereno;Normale;Buona;Sufficiente;1;0;0;3;12.4771;41.8554;-1;1;Autovettura privata;In marcia / fermata / arresto;Conducente;M;Illeso;0;;;
4608157;11;17/10/2019 19:30:00;Strada Urbana;VIA OSTIENSE;in corrispondenza;;del civico n.;335;;Tamponamento;Rettilineo;Una carreggiata a doppio senso;Asciutto;Asfaltata;Verticale ed orizzontale;Sereno;Normale;Buona;Sufficiente;1;0;0;3;12.4771;41.8554;-1;1;Autovettura privata;In marcia / fermata / arresto;Passeggero;M;Illeso;0;;;
4608157;11;17/10/2019 19:30:00;Strada Urbana;VIA OSTIENSE;in corrispondenza;;del civico n.;335;;Tamponamento;Rettilineo;Una carreggiata a doppio senso;Asciutto;Asfaltata;Verticale ed orizzontale;Sereno;Normale;Buona;Sufficiente;1;0;0;3;12.4771;41.8554;-1;1;Autovettura privata;In marcia / fermata / arresto;Passeggero;F;Illeso;0;;;
4608157;11;17/10/2019 19:30:00;Strada Urbana;VIA OSTIENSE;in corrispondenza;;del civico n.;335;;Tamponamento;Rettilineo;Una carreggiata a doppio senso;Asciutto;Asfaltata;Verticale ed orizzontale;Sereno;Normale;Buona;Sufficiente;1;0;0;3;12.4771;41.8554;-1;2;Autovettura privata;In marcia / fermata / arresto;Conducente;F;Rimandato;0;NON DECEDUTO;;
4608168;13;17/10/2019 10:30:00;Strada Urbana;VIA CRISTOFORO COLOMBO;da specificare;;;;altezza via di Casal Palocco;Tamponamento Multiplo;Strettoia;Pi� di due carreggiate;Asciutto;Asfaltata;Verticale ed orizzontale;Sereno;Intenso;Buona;Ore Diurne;1;0;0;4;12.4536;41.8089;-1;1;Autovettura privata;In marcia / fermata / arresto;Conducente;M;Illeso;0;;Non accertato;Inesploso
4608168;13;17/10/2019 10:30:00;Strada Urbana;VIA CRISTOFORO COLOMBO;da specificare;;;;altezza via di Casal Palocco;Tamponamento Multiplo;Strettoia;Pi� di due carreggiate;Asciutto;Asfaltata;Verticale ed orizzontale;Sereno;Intenso;Buona;Ore Diurne;1;0;0;4;12.4536;41.8089;-1;2;Autovettura privata;In marcia / fermata / arresto;Conducente;F;Rimandato;0;NON DECEDUTO;;
4608168;13;17/10/2019 10:30:00;Strada Urbana;VIA CRISTOFORO COLOMBO;da specificare;;;;altezza via di Casal Palocco;Tamponamento Multiplo;Strettoia;Pi� di due carreggiate;Asciutto;Asfaltata;Verticale ed orizzontale;Sereno;Intenso;Buona;Ore Diurne;1;0;0;4;12.4536;41.8089;-1;3;Autovettura privata;In marcia / fermata / arresto;Conducente;F;Illeso;0;;Non accertato;
4608168;13;17/10/2019 10:30:00;Strada Urbana;VIA CRISTOFORO COLOMBO;da specificare;;;;altezza via di Casal Palocco;Tamponamento Multiplo;Strettoia;Pi� di due carreggiate;Asciutto;Asfaltata;Verticale ed orizzontale;Sereno;Intenso;Buona;Ore Diurne;1;0;0;4;12.4536;41.8089;-1;4;Autovettura privata;In marcia / fermata / arresto;Conducente;F;Illeso;0;;Non accertato;
4608168;13;17/10/2019 10:30:00;Strada Urbana;VIA CRISTOFORO COLOMBO;da specificare;;;;altezza via di Casal Palocco;Tamponamento Multiplo;Strettoia;Pi� di due carreggiate;Asciutto;Asfaltata;Verticale ed orizzontale;Sereno;Intenso;Buona;Ore Diurne;1;0;0;4;12.4536;41.8089;-1;4;Autovettura privata;In marcia / fermata / arresto;Passeggero;M;Illeso;0;;Non accertato;
4608172;20;17/10/2019 10:20:00;Altra strada;VIALE DEI CIPRESSI;all'intersezione con;VIALE ARCICONFRATERNITA DI N. S.RA DI LOURDES;VIALE ARCICONFRATERNITA DI N. S.RA DI LOURDES;;;Scontro frontale/laterale DX fra veicoli in marcia;Incrocio;Una carreggiata a doppio senso;Asciutto;Asfaltata;Verticale ed orizzontale;Sereno;Scarso;Buona;Ore Diurne;3;0;0;1;12.4928;42.0134;-1;1;Autovettura privata;In marcia / fermata / arresto;Conducente;F;Rifiuta cure immediate;0;NON DECEDUTO;Non accertato;
4608172;20;17/10/2019 10:20:00;Altra strada;VIALE DEI CIPRESSI;all'intersezione con;VIALE ARCICONFRATERNITA DI N. S.RA DI LOURDES;VIALE ARCICONFRATERNITA DI N. S.RA DI LOURDES;;;Scontro frontale/laterale DX fra veicoli in marcia;Incrocio;Una carreggiata a doppio senso;Asciutto;Asfaltata;Verticale ed orizzontale;Sereno;Scarso;Buona;Ore Diurne;3;0;0;1;12.4928;42.0134;-1;1;Autovettura privata;In marcia / fermata / arresto;Passeggero;F;Rifiuta cure immediate;0;NON DECEDUTO;Non accertato;Inesploso
4608172;20;17/10/2019 10:20:00;Altra strada;VIALE DEI CIPRESSI;all'intersezione con;VIALE ARCICONFRATERNITA DI N. S.RA DI LOURDES;VIALE ARCICONFRATERNITA DI N. S.RA DI LOURDES;;;Scontro frontale/laterale DX fra veicoli in marcia;Incrocio;Una carreggiata a doppio senso;Asciutto;Asfaltata;Verticale ed orizzontale;Sereno;Scarso;Buona;Ore Diurne;3;0;0;1;12.4928;42.0134;-1;2;Autovettura privata;In marcia / fermata / arresto;Conducente;M;Illeso;0;;;
4608172;20;17/10/2019 10:20:00;Altra strada;VIALE DEI CIPRESSI;all'intersezione con;VIALE ARCICONFRATERNITA DI N. S.RA DI LOURDES;VIALE ARCICONFRATERNITA DI N. S.RA DI LOURDES;;;Scontro frontale/laterale DX fra veicoli in marcia;Incrocio;Una carreggiata a doppio senso;Asciutto;Asfaltata;Verticale ed orizzontale;Sereno;Scarso;Buona;Ore Diurne;3;0;0;1;12.4928;42.0134;-1;2;Autovettura privata;In marcia / fermata / arresto;Passeggero;F;Rimandato;0;NON DECEDUTO;Non accertato;Inesploso
4608176;4;17/10/2019 05:35:00;Statale;VIA SALARIA;in corrispondenza;;del civico n.;913;;Veicolo in marcia contro ostacolo accidentale;Rettilineo;Due carreggiate;Asciutto;Asfaltata;Verticale ed orizzontale;Sereno;Normale;Sufficiente;Sufficiente;0;0;0;2;12.5062;41.9625;-1;1;Autovettura privata;In marcia / fermata / arresto;Conducente;M;Illeso;0;;;