Protocollo;Gruppo;DataOraIncidente;Localizzazione1;STRADA1;Localizzazione2;STRADA2;Strada02;Chilometrica;DaSpecificare;NaturaIncidente;particolaritastrade;TipoStrada;FondoStradale;Pavimentazione;Segnaletica;CondizioneAtmosferica;Traffico;Visibilita;Illuminazione;NUM_FERITI;NUM_RISERVATA;NUM_MORTI;NUM_ILLESI;Longitudine;Latitudine;Confermato;Progressivo;TipoVeicolo;StatoVeicolo;TipoPersona;Sesso;Tipolesione;Deceduto;DecedutoDopo;CinturaCascoUtilizzato;Airbag;
4614498;18;21/10/2019 17:00:00;Strada Urbana;VIA DI TORREVECCHIA;in corrispondenza;;del civico n.;1031;;Investimento di pedone;Rettilineo;Una carreggiata a doppio senso;Asciutto;Asfaltata;Verticale ed orizzontale;Sole radente;Normale;Buona;Ore Diurne;1;0;0;2;12.4044;41.9128;-1;1;Autovettura privata;In marcia / fermata / arresto;Passeggero;M;Illeso;0;;;
4614511;20;21/10/2019 13:50:00;Strada Urbana;VIALE MAURIZIO BARENDSON;da specificare;;;;direzione via Flaminia fronte via Emery;Veicolo in marcia contro ostacolo fisso;Curva a visuale libera;Una carreggiata a doppio senso;Asciutto;Asfaltata;Verticale ed orizzontale;Sereno;Scarso;Buona;Ore Diurne;0;0;0;1;12.4949;41.9755;-1;1;Autobus in extraurbana;In marcia / fermata / arresto;Conducente;M;Illeso;0;;;
4614515;20;21/10/2019 13:00:00;Strada Urbana;VIA DI GROTTAROSSA;in prossimit�;;del civico n.;1035;;Scontro laterale fra veicoli in marcia;Rettilineo;Una carreggiata a doppio senso;Asciutto;Asfaltata;Verticale;Sereno;Normale;Buona;Ore Diurne;0;0;0;3;12.4705;41.9822;-1;1;Autovettura privata;In marcia / fermata / arresto;Conducente;M;Illeso;0;;Non accertato;Inesploso
4614515;20;21/10/2019 13:00:00;Strada Urbana;VIA DI GROTTAROSSA;in prossimit�;;del civico n.;1035;;Scontro laterale fra veicoli in marcia;Rettilineo;Una carreggiata a doppio senso;Asciutto;Asfaltata;Verticale;Sereno;Normale;Buona;Ore Diurne;0;0;0;3;12.4705;41.9822;-1;1;Autovettura privata;In marcia / fermata / arresto;Passeggero;F;Illeso;0;;Non accertato;Inesploso
4614515;20;21/10/2019 13:00:00;Strada Urbana;VIA DI GROTTAROSSA;in prossimit�;;del civico n.;1035;;Scontro laterale fra veicoli in marcia;Rettilineo;Una carreggiata a doppio senso;Asciutto;Asfaltata;Verticale;Sereno;Normale;Buona;Ore Diurne;0;0;0;3;12.4705;41.9822;-1;2;Autovettura privata;In marcia / fermata / arresto;Conducente;F;Illeso;0;;Non accertato;Inesploso
4614587;4;21/10/2019 14:30:00;Strada Urbana;VIA NOMENTANA NUOVA;da specificare;;;;prossimit� LARGO VALSOLDA;Scontro laterale fra veicoli in marcia;Rettilineo;Una carreggiata a doppio senso;Asciutto;Asfaltata;Verticale ed orizzontale;Sereno;Normale;Buona;Ore Diurne;0;0;0;2;12.5323;41.9348;-1;1;Autovettura privata;In marcia / fermata / arresto;Conducente;F;Illeso;0;;Non accertato;Inesploso
4614587;4;21/10/2019 14:30:00;Strada Urbana;VIA NOMENTANA NUOVA;da specificare;;;;prossimit� LARGO VALSOLDA;Scontro laterale fra veicoli in marcia;Rettilineo;Una carreggiata a doppio senso;Asciutto;Asfaltata;Verticale ed orizzontale;Sereno;Normale;Buona;Ore Diurne;0;0;0;2;12.5323;41.9348;-1;2;Autobus di linea;In marcia / fermata / arresto;Conducente;M;Illeso;0;;Esente;Inesploso
4614602;4;21/10/2019 08:30:00;Strada Urbana;VIALE FRANCO ARCALLI;da specificare;;;;pross. via Tenuta Redicicoli;Scontro laterale fra veicoli in marcia;Rettilineo;Una carreggiata a senso unico di marcia;Asciutto;Asfaltata;Verticale ed orizzontale;Sereno;Intenso;Buona;Ore Diurne;0;0;0;2;12.5422;41.9709;-1;1;Autocarro inferiore 35 q.;In marcia / fermata / arresto;Conducente;M;Illeso;0;;Non accertato;Inesploso
4614602;4;21/10/2019 08:30:00;Strada Urbana;VIALE FRANCO ARCALLI;da specificare;;;;pross. via Tenuta Redicicoli;Scontro laterale fra veicoli in marcia;Rettilineo;Una carreggiata a senso unico di marcia;Asciutto;Asfaltata;Verticale ed orizzontale;Sereno;Intenso;Buona;Ore Diurne;0;0;0;2;12.5422;41.9709;-1;2;Autovettura privata;In marcia / fermata / arresto;Conducente;M;Illeso;0;;Non accertato;Inesploso
4614609;4;21/10/2019 15:00:00;Strada Urbana;VIA DELLA TENUTA REDICICOLI;da specificare;;;;direzione GRA;Scontro laterale fra veicoli in marcia;Curva a visuale libera;Una carreggiata a senso unico di marcia;Asciutto;Asfaltata;Verticale ed orizzontale;Sereno;Normale;Buona;Ore Diurne;0;0;0;2;12.5359;41.9792;-1;1;Autovettura privata;In marcia / fermata / arresto;Conducente;M;Illeso;0;;Non accertato;Inesploso
4614609;4;21/10/2019 15:00:00;Strada Urbana;VIA DELLA TENUTA REDICICOLI;da specificare;;;;direzione GRA;Scontro laterale fra veicoli in marcia;Curva a visuale libera;Una carreggiata a senso unico di marcia;Asciutto;Asfaltata;Verticale ed orizzontale;Sereno;Normale;Buona;Ore Diurne;0;0;0;2;12.5359;41.9792;-1;2;Autovettura privata;In marcia / fermata / arresto;Conducente;M;Illeso;0;;Non accertato;Inesploso
4614614;4;21/10/2019 08:30:00;Strada Urbana;VIA CASALE REDICICOLI;da specificare;;;;PROSSIMITA' VIA TENUTA REDICICOLI;Scontro laterale fra veicoli in marcia;Rettilineo;Una carreggiata a senso unico di marcia;Asciutto;Asfaltata;Verticale ed orizzontale;Sereno;Intenso;Buona;Ore Diurne;0;0;0;2;12.5393;41.9724;-1;1;Autovettura privata;In marcia / fermata / arresto;Conducente;M;Illeso;0;;Non accertato;Inesploso
4614614;4;21/10/2019 08:30:00;Strada Urbana;VIA CASALE REDICICOLI;da specificare;;;;PROSSIMITA' VIA TENUTA REDICICOLI;Scontro laterale fra veicoli in marcia;Rettilineo;Una carreggiata a senso unico di marcia;Asciutto;Asfaltata;Verticale ed orizzontale;Sereno;Intenso;Buona;Ore Diurne;0;0;0;2;12.5393;41.9724;-1;2;Autovettura privata;In marcia / fermata / arresto;Conducente;M;Illeso;0;;Non accertato;Inesploso
4614632;17;17/10/2019 17:10:00;Strada Urbana;VIALE GIULIO CESARE;in corrispondenza;;del civico n.;139;;Veicolo in marcia contro veicolo fermo;Rettilineo;Pi� di due carreggiate;Asciutto;Asfaltata;Verticale ed orizzontale;Sereno;Normale;Buona;Ore Diurne;0;1;0;2;12.4585;41.9095;-1;1;Motociclo a solo;In marcia / fermata / arresto;Conducente;M;Prognosi riservata;0;NON DECEDUTO;;
4614632;17;17/10/2019 17:10:00;Strada Urbana;VIALE GIULIO CESARE;in corrispondenza;;del civico n.;139;;Veicolo in marcia contro veicolo fermo;Rettilineo;Pi� di due carreggiate;Asciutto;Asfaltata;Verticale ed orizzontale;Sereno;Normale;Buona;Ore Diurne;0;1;0;2;12.4585;41.9095;-1;2;Autovettura privata;In marcia / fermata / arresto;Conducente;M;Illeso;0;;Non accertato;
4614632;17;17/10/2019 17:10:00;Strada Urbana;VIALE GIULIO CESARE;in corrispondenza;;del civico n.;139;;Veicolo in marcia contro veicolo fermo;Rettilineo;Pi� di due carreggiate;Asciutto;Asfaltata;Verticale ed orizzontale;Sereno;Normale;Buona;Ore Diurne;0;1;0;2;12.4585;41.9095;-1;2;Autovettura privata;In marcia / fermata / arresto;Passeggero;F;Illeso;0;;Non accertato;
4614642;7;21/10/2019 09:15:00;Strada Urbana;VIALE PALMIRO TOGLIATTI;da specificare;;;;palo luce 126;Investimento di pedone;Rettilineo;Due carreggiate;Asciutto;Asfaltata;Verticale ed orizzontale;Sereno;Intenso;Buona;Ore Diurne;1;0;0;2;12.5683;41.8697;-1;;;;Pedone;F;Rimandato;0;NON DECEDUTO;;
4614642;7;21/10/2019 09:15:00;Strada Urbana;VIALE PALMIRO TOGLIATTI;da specificare;;;;palo luce 126;Investimento di pedone;Rettilineo;Due carreggiate;Asciutto;Asfaltata;Verticale ed orizzontale;Sereno;Intenso;Buona;Ore Diurne;1;0;0;2;12.5683;41.8697;-1;1;Autovettura privata;In marcia / fermata / arresto;Conducente;F;Illeso;0;;Non accertato;Inesploso
4614642;7;21/10/2019 09:15:00;Strada Urbana;VIALE PALMIRO TOGLIATTI;da specificare;;;;palo luce 126;Investimento di pedone;Rettilineo;Due carreggiate;Asciutto;Asfaltata;Verticale ed orizzontale;Sereno;Intenso;Buona;Ore Diurne;1;0;0;2;12.5683;41.8697;-1;1;Autovettura privata;In marcia / fermata / arresto;Passeggero;F;Illeso;0;;Non accertato;Inesploso
4614658;4;21/10/2019 21:00:00;Strada Urbana;VIA AMALIA BETTINI;da specificare;;;; pross.t� ci 91 altezza rotatoria per Via G Cervi;Veicolo in marcia contro ostacolo accidentale;Rettilineo;Due carreggiate;Asciutto;Asfaltata;Verticale;Sereno;Scarso;Sufficiente;Sufficiente;0;0;0;3;12.5303;41.9647;-1;1;Autovettura privata;In marcia / fermata / arresto;Conducente;F;Illeso;0;;Non accertato;Inesploso
4614658;4;21/10/2019 21:00:00;Strada Urbana;VIA AMALIA BETTINI;da specificare;;;; pross.t� ci 91 altezza rotatoria per Via G Cervi;Veicolo in marcia contro ostacolo accidentale;Rettilineo;Due carreggiate;Asciutto;Asfaltata;Verticale;Sereno;Scarso;Sufficiente;Sufficiente;0;0;0;3;12.5303;41.9647;-1;1;Autovettura privata;In marcia / fermata / arresto;Passeggero;M;Illeso;0;;Non accertato;Inesploso
4614658;4;21/10/2019 21:00:00;Strada Urbana;VIA AMALIA BETTINI;da specificare;;;; pross.t� ci 91 altezza rotatoria per Via G Cervi;Veicolo in marcia contro ostacolo accidentale;Rettilineo;Due carreggiate;Asciutto;Asfaltata;Verticale;Sereno;Scarso;Sufficiente;Sufficiente;0;0;0;3;12.5303;41.9647;-1;1;Autovettura privata;In marcia / fermata / arresto;Passeggero;M;Illeso;0;;Non accertato;Inesploso
4614680;15;21/10/2019 15:30:00;Strada Urbana;VIA DELLA CASETTA MATTEI;all'intersezione con;VIA DEI BARBO;VIA DEI BARBO;;;Scontro frontale/laterale DX fra veicoli in marcia;Intersezione non regolata/non segnalata;Una carreggiata a doppio senso;Asciutto;Asfaltata;Orizzontale;Sereno;Normale;Buona;Ore Diurne;1;0;0;1;12.4196;41.8579;-1;1;Autovettura privata;In marcia / fermata / arresto;Conducente;M;Illeso;0;;Non accertato;
4614680;15;21/10/2019 15:30:00;Strada Urbana;VIA DELLA CASETTA MATTEI;all'intersezione con;VIA DEI BARBO;VIA DEI BARBO;;;Scontro frontale/laterale DX fra veicoli in marcia;Intersezione non regolata/non segnalata;Una carreggiata a doppio senso;Asciutto;Asfaltata;Orizzontale;Sereno;Normale;Buona;Ore Diurne;1;0;0;1;12.4196;41.8579;-1;2;Motociclo a solo;In marcia / fermata / arresto;Conducente;M;Rimandato;0;NON DECEDUTO;Non accertato;
4614683;17;21/10/2019 07:05:00;Strada Urbana;PONTE CAVOUR;all'intersezione semaforizzata con;LUNGOTEVERE MARZIO;LUNGOTEVERE MARZIO;;;Investimento di pedone;Intersezione semaforizzata;Una carreggiata a doppio senso;Asciutto;Asfaltata;Verticale ed orizzontale;Sereno;Normale;Buona;Ore Diurne;1;0;0;1;12.4751;41.9049;-1;;;;Pedone;F;Rimandato;0;NON DECEDUTO;;
4614683;17;21/10/2019 07:05:00;Strada Urbana;PONTE CAVOUR;all'intersezione semaforizzata con;LUNGOTEVERE MARZIO;LUNGOTEVERE MARZIO;;;Investimento di pedone;Intersezione semaforizzata;Una carreggiata a doppio senso;Asciutto;Asfaltata;Verticale ed orizzontale;Sereno;Normale;Buona;Ore Diurne;1;0;0;1;12.4751;41.9049;-1;1;Autovettura pubblica;In marcia / fermata / arresto;Conducente;M;Illeso;0;;;
4614694;15;21/10/2019 09:40:00;Strada Urbana;VIA ANTONIO PACINOTTI;da specificare;;;;FRONTE CIVICO 81;Scontro laterale fra veicoli in marcia;Rettilineo;Una carreggiata a senso unico di marcia;Asciutto;Asfaltata;Verticale ed orizzontale;Sereno;Normale;Buona;Ore Diurne;1;0;0;2;12.4675;41.871;-1;1;Autovettura privata;In marcia / fermata / arresto;Conducente;F;Illeso;0;;Non accertato;
4614694;15;21/10/2019 09:40:00;Strada Urbana;VIA ANTONIO PACINOTTI;da specificare;;;;FRONTE CIVICO 81;Scontro laterale fra veicoli in marcia;Rettilineo;Una carreggiata a senso unico di marcia;Asciutto;Asfaltata;Verticale ed orizzontale;Sereno;Normale;Buona;Ore Diurne;1;0;0;2;12.4675;41.871;-1;2;Motociclo con passeggero;In marcia / fermata / arresto;Conducente;M;Illeso;0;;Non accertato;
4614694;15;21/10/2019 09:40:00;Strada Urbana;VIA ANTONIO PACINOTTI;da specificare;;;;FRONTE CIVICO 81;Scontro laterale fra veicoli in marcia;Rettilineo;Una carreggiata a senso unico di marcia;Asciutto;Asfaltata;Verticale ed orizzontale;Sereno;Normale;Buona;Ore Diurne;1;0;0;2;12.4675;41.871;-1;2;Motociclo con passeggero;In marcia / fermata / arresto;Passeggero;F;Rimandato;0;NON DECEDUTO;Non accertato;
4614721;15;21/10/2019 08:40:00;Strada Urbana;PIAZZA PANTERO PANTERA;all'intersezione con;VIA GIOVANNI ANSALDO;VIA GIOVANNI ANSALDO;;;Scontro laterale fra veicoli in marcia;Incrocio;Una carreggiata a senso unico di marcia;Asciutto;Asfaltata;Verticale ed orizzontale;Sereno;Scarso;Buona;Ore Diurne;0;0;0;3;12.4838;41.8638;-1;1;Autovettura privata;In marcia / fermata / arresto;Conducente;F;Illeso;0;;;Inesploso
4614721;15;21/10/2019 08:40:00;Strada Urbana;PIAZZA PANTERO PANTERA;all'intersezione con;VIA GIOVANNI ANSALDO;VIA GIOVANNI ANSALDO;;;Scontro laterale fra veicoli in marcia;Incrocio;Una carreggiata a senso unico di marcia;Asciutto;Asfaltata;Verticale ed orizzontale;Sereno;Scarso;Buona;Ore Diurne;0;0;0;3;12.4838;41.8638;-1;2;Autovettura di polizia;In marcia / fermata / arresto;Conducente;F;Illeso;0;;Non accertato;Inesploso
4614721;15;21/10/2019 08:40:00;Strada Urbana;PIAZZA PANTERO PANTERA;all'intersezione con;VIA GIOVANNI ANSALDO;VIA GIOVANNI ANSALDO;;;Scontro laterale fra veicoli in marcia;Incrocio;Una carreggiata a senso unico di marcia;Asciutto;Asfaltata;Verticale ed orizzontale;Sereno;Scarso;Buona;Ore Diurne;0;0;0;3;12.4838;41.8638;-1;2;Autovettura di polizia;In marcia / fermata / arresto;Passeggero;M;Illeso;0;;Esente;Inesploso
4614725;12;21/10/2019 19:15:00;Strada Urbana;VIA CRISTOFORO COLOMBO;da specificare;;;;dir. Ostia (laterale) altezza svincolo G.R.A.;Scontro frontale/laterale DX fra veicoli in marcia;Rettilineo;Pi� di due carreggiate;Asciutto;Asfaltata;Verticale ed orizzontale;Sereno;Normale;Buona;Inesistente;1;0;0;1;12.4457;41.8025;-1;1;Motociclo con passeggero;In marcia / fermata / arresto;Conducente;M;Rimandato;0;NON DECEDUTO;Non accertato;
4614725;12;21/10/2019 19:15:00;Strada Urbana;VIA CRISTOFORO COLOMBO;da specificare;;;;dir. Ostia (laterale) altezza svincolo G.R.A.;Scontro frontale/laterale DX fra veicoli in marcia;Rettilineo;Pi� di due carreggiate;Asciutto;Asfaltata;Verticale ed orizzontale;Sereno;Normale;Buona;Inesistente;1;0;0;1;12.4457;41.8025;-1;2;Autovettura privata;In marcia / fermata / arresto;Conducente;M;Illeso;0;;Non accertato;Inesploso
4614727;12;18/10/2019 08:30:00;Strada Urbana;VIALE CRISTOFORO COLOMBO;da specificare;;;;dir. Roma, carr. centr 500 mt prima v. Laurentina ;Veicolo in marcia contro ostacolo accidentale;Curva a visuale libera;Due carreggiate;Asciutto;Asfaltata;Verticale ed orizzontale;Sereno;Normale;Buona;Ore Diurne;1;0;0;0;12.4765;41.8445;-1;1;Motociclo a solo;In marcia / fermata / arresto;Conducente;M;Rimandato;0;NON DECEDUTO;Non accertato;
4614736;12;18/10/2019 10:25:00;Strada Urbana;VIA DEI CORAZZIERI;in prossimit�;;del civico n.;76;;Veicolo in marcia contro ostacolo accidentale;Rettilineo;Una carreggiata a senso unico di marcia;Asciutto;Asfaltata;Verticale ed orizzontale;Sereno;Normale;Buona;Ore Diurne;0;0;0;1;12.4821;41.8233;-1;1;Autobus urbano;In marcia / fermata / arresto;Conducente;M;Illeso;0;;Utilizzato;Inesploso
4614740;8;21/10/2019 10:35:00;Strada Urbana;VIA VITTORIO RAGUSA;all'intersezione con;VIA DI PASSOLOMBARDO;VIA DI PASSOLOMBARDO;;;Scontro laterale fra veicoli in marcia;Incrocio;Due carreggiate;Asciutto;Asfaltata;Verticale ed orizzontale;Sereno;Normale;Buona;Ore Diurne;0;0;0;4;12.6161;41.8461;-1;1;Autovettura privata;In marcia / fermata / arresto;Conducente;M;Illeso;0;;;
4614740;8;21/10/2019 10:35:00;Strada Urbana;VIA VITTORIO RAGUSA;all'intersezione con;VIA DI PASSOLOMBARDO;VIA DI PASSOLOMBARDO;;;Scontro laterale fra veicoli in marcia;Incrocio;Due carreggiate;Asciutto;Asfaltata;Verticale ed orizzontale;Sereno;Normale;Buona;Ore Diurne;0;0;0;4;12.6161;41.8461;-1;1;Autovettura privata;In marcia / fermata / arresto;Passeggero;M;Illeso;0;;;
4614740;8;21/10/2019 10:35:00;Strada Urbana;VIA VITTORIO RAGUSA;all'intersezione con;VIA DI PASSOLOMBARDO;VIA DI PASSOLOMBARDO;;;Scontro laterale fra veicoli in marcia;Incrocio;Due carreggiate;Asciutto;Asfaltata;Verticale ed orizzontale;Sereno;Normale;Buona;Ore Diurne;0;0;0;4;12.6161;41.8461;-1;1;Autovettura privata;In marcia / fermata / arresto;Passeggero;F;Illeso;0;;;
4614740;8;21/10/2019 10:35:00;Strada Urbana;VIA VITTORIO RAGUSA;all'intersezione con;VIA DI PASSOLOMBARDO;VIA DI PASSOLOMBARDO;;;Scontro laterale fra veicoli in marcia;Incrocio;Due carreggiate;Asciutto;Asfaltata;Verticale ed orizzontale;Sereno;Normale;Buona;Ore Diurne;0;0;0;4;12.6161;41.8461;-1;2;Autoarticolato;In marcia / fermata / arresto;Conducente;M;Illeso;0;;;
4614751;8;21/10/2019 14:10:00;Strada Urbana;VIALE GUIDO CARLI;all'intersezione con;VIALE DELL'ARCHIGINNASIO;VIALE DELL'ARCHIGINNASIO;;;Scontro laterale fra veicoli in marcia;Rotatoria;Una carreggiata a senso unico di marcia;Asciutto;Asfaltata;Verticale ed orizzontale;Sereno;Normale;Buona;Ore Diurne;1;0;0;1;12.647;41.8432;-1;1;Autovettura privata;In marcia / fermata / arresto;Conducente;M;Illeso;0;;Non accertato;Inesploso
4614751;8;21/10/2019 14:10:00;Strada Urbana;VIALE GUIDO CARLI;all'intersezione con;VIALE DELL'ARCHIGINNASIO;VIALE DELL'ARCHIGINNASIO;;;Scontro laterale fra veicoli in marcia;Rotatoria;Una carreggiata a senso unico di marcia;Asciutto;Asfaltata;Verticale ed orizzontale;Sereno;Normale;Buona;Ore Diurne;1;0;0;1;12.647;41.8432;-1;2;Motociclo a solo;In marcia / fermata / arresto;Conducente;M;Ricoverato;0;NON DECEDUTO;;
4614764;8;21/10/2019 23:05:00;Strada Urbana;VIA CASILINA;all'intersezione con;VIA DI GIARDINETTI;VIA DI GIARDINETTI;;;Scontro frontale/laterale SX fra veicoli in marcia;Incrocio;Una carreggiata a doppio senso;Asciutto;Asfaltata;Orizzontale;Sereno;Scarso;Buona;Sufficiente;0;0;0;3;12.6013;41.8664;-1;1;Motociclo a solo;In marcia / fermata / arresto;Conducente;M;Illeso;0;;Non accertato;
4614764;8;21/10/2019 23:05:00;Strada Urbana;VIA CASILINA;all'intersezione con;VIA DI GIARDINETTI;VIA DI GIARDINETTI;;;Scontro frontale/laterale SX fra veicoli in marcia;Incrocio;Una carreggiata a doppio senso;Asciutto;Asfaltata;Orizzontale;Sereno;Scarso;Buona;Sufficiente;0;0;0;3;12.6013;41.8664;-1;2;Altro;In marcia / fermata / arresto;Conducente;M;Illeso;0;;Non accertato;Inesploso
4614764;8;21/10/2019 23:05:00;Strada Urbana;VIA CASILINA;all'intersezione con;VIA DI GIARDINETTI;VIA DI GIARDINETTI;;;Scontro frontale/laterale SX fra veicoli in marcia;Incrocio;Una carreggiata a doppio senso;Asciutto;Asfaltata;Orizzontale;Sereno;Scarso;Buona;Sufficiente;0;0;0;3;12.6013;41.8664;-1;2;Altro;In marcia / fermata / arresto;Passeggero;M;Illeso;0;;Non accertato;Inesploso
4614787;12;21/10/2019 05:40:00;Provinciale;VIA OSTIENSE;da specificare;;;;altezza parcheggio Metro Magliana direzione Roma;Veicolo in marcia contro veicolo in sosta;Rettilineo;Una carreggiata a doppio senso;Asciutto;Asfaltata;Verticale ed orizzontale;Sereno;Scarso;Insufficiente;Sufficiente;0;0;0;1;12.4229;41.8109;-1;1;Autovettura privata;Sosta;;;;;;;
4614787;12;21/10/2019 05:40:00;Provinciale;VIA OSTIENSE;da specificare;;;;altezza parcheggio Metro Magliana direzione Roma;Veicolo in marcia contro veicolo in sosta;Rettilineo;Una carreggiata a doppio senso;Asciutto;Asfaltata;Verticale ed orizzontale;Sereno;Scarso;Insufficiente;Sufficiente;0;0;0;1;12.4229;41.8109;-1;2;Autocarro inferiore 35 q.;In marcia / fermata / arresto;Conducente;M;Illeso;0;;Utilizzato;Inesploso
4614812;12;21/10/2019 15:00:00;Strada Urbana;VIA BEPPE FENOGLIO;in prossimit�;;del civico n.;12;;Veicolo in marcia contro veicolo in sosta;Pendenza;Una carreggiata a doppio senso;Asciutto;Asfaltata;Verticale;Sereno;Scarso;Buona;Ore Diurne;0;0;0;1;12.4774;41.8147;-1;1;Autovettura privata;Sosta;;;;;;;
4614812;12;21/10/2019 15:00:00;Strada Urbana;VIA BEPPE FENOGLIO;in prossimit�;;del civico n.;12;;Veicolo in marcia contro veicolo in sosta;Pendenza;Una carreggiata a doppio senso;Asciutto;Asfaltata;Verticale;Sereno;Scarso;Buona;Ore Diurne;0;0;0;1;12.4774;41.8147;-1;2;Autogru;In marcia / fermata / arresto;Conducente;M;Illeso;0;;Non accertato;Inesploso
4614824;12;21/10/2019 22:30:00;Strada Urbana;VIA DELLE MONTAGNE ROCCIOSE;all'intersezione con;VIALE DELL'AERONAUTICA;VIALE DELL'AERONAUTICA;;;Scontro frontale/laterale DX fra veicoli in marcia;Intersezione stradale segnalata;Una carreggiata a doppio senso;Asciutto;Asfaltata;Verticale ed orizzontale;Sereno;Scarso;Sufficiente;Sufficiente;0;0;0;3;12.4756;41.826;-1;1;Autovettura privata;In marcia / fermata / arresto;Conducente;M;Illeso;0;;;
4614824;12;21/10/2019 22:30:00;Strada Urbana;VIA DELLE MONTAGNE ROCCIOSE;all'intersezione con;VIALE DELL'AERONAUTICA;VIALE DELL'AERONAUTICA;;;Scontro frontale/laterale DX fra veicoli in marcia;Intersezione stradale segnalata;Una carreggiata a doppio senso;Asciutto;Asfaltata;Verticale ed orizzontale;Sereno;Scarso;Sufficiente;Sufficiente;0;0;0;3;12.4756;41.826;-1;2;Quadriciclo;In marcia / fermata / arresto;Conducente;M;Illeso;0;;Utilizzato;Inesploso
4614824;12;21/10/2019 22:30:00;Strada Urbana;VIA DELLE MONTAGNE ROCCIOSE;all'intersezione con;VIALE DELL'AERONAUTICA;VIALE DELL'AERONAUTICA;;;Scontro frontale/laterale DX fra veicoli in marcia;Intersezione stradale segnalata;Una carreggiata a doppio senso;Asciutto;Asfaltata;Verticale ed orizzontale;Sereno;Scarso;Sufficiente;Sufficiente;0;0;0;3;12.4756;41.826;-1;2;Quadriciclo;In marcia / fermata / arresto;Passeggero;M;Illeso;0;;Utilizzato;Inesploso
4614825;15;22/10/2019 09:00:00;Strada Urbana;PIAZZA ENRICO FERMI;in prossimit�;;del civico n.;35;;Scontro laterale fra veicoli in marcia;Rettilineo;Due carreggiate;Asciutto;Asfaltata;Orizzontale;Sereno;Intenso;Buona;Ore Diurne;0;0;0;2;12.469;41.864;-1;1;Autovettura privata;In marcia / fermata / arresto;Conducente;F;Illeso;0;;Non accertato;Inesploso
4614825;15;22/10/2019 09:00:00;Strada Urbana;PIAZZA ENRICO FERMI;in prossimit�;;del civico n.;35;;Scontro laterale fra veicoli in marcia;Rettilineo;Due carreggiate;Asciutto;Asfaltata;Orizzontale;Sereno;Intenso;Buona;Ore Diurne;0;0;0;2;12.469;41.864;-1;2;Motociclo a solo;In marcia / fermata / arresto;Conducente;F;Illeso;0;;Non accertato;
4614844;15;21/10/2019 11:00:00;Strada Urbana;VIA GIOVANNI PORZIO;in corrispondenza;;del civico n.;120;;Scontro laterale fra veicoli in marcia;Rettilineo;Una carreggiata a doppio senso;Asciutto;Asfaltata;Verticale ed orizzontale;Sereno;Scarso;Buona;Ore Diurne;0;0;0;4;12.4405;41.8452;-1;1;Autovettura privata;In marcia / fermata / arresto;Conducente;F;Illeso;0;;Non accertato;Inesploso
4614844;15;21/10/2019 11:00:00;Strada Urbana;VIA GIOVANNI PORZIO;in corrispondenza;;del civico n.;120;;Scontro laterale fra veicoli in marcia;Rettilineo;Una carreggiata a doppio senso;Asciutto;Asfaltata;Verticale ed orizzontale;Sereno;Scarso;Buona;Ore Diurne;0;0;0;4;12.4405;41.8452;-1;1;Autovettura privata;In marcia / fermata / arresto;Passeggero;F;Illeso;0;;Non accertato;Inesistente
4614844;15;21/10/2019 11:00:00;Strada Urbana;VIA GIOVANNI PORZIO;in corrispondenza;;del civico n.;120;;Scontro laterale fra veicoli in marcia;Rettilineo;Una carreggiata a doppio senso;Asciutto;Asfaltata;Verticale ed orizzontale;Sereno;Scarso;Buona;Ore Diurne;0;0;0;4;12.4405;41.8452;-1;1;Autovettura privata;In marcia / fermata / arresto;Passeggero;F;Illeso;0;;Non accertato;Inesistente
4614844;15;21/10/2019 11:00:00;Strada Urbana;VIA GIOVANNI PORZIO;in corrispondenza;;del civico n.;120;;Scontro laterale fra veicoli in marcia;Rettilineo;Una carreggiata a doppio senso;Asciutto;Asfaltata;Verticale ed orizzontale;Sereno;Scarso;Buona;Ore Diurne;0;0;0;4;12.4405;41.8452;-1;2;Autovettura privata;In marcia / fermata / arresto;Conducente;F;Illeso;0;;Non accertato;Inesploso
4614876;2;21/10/2019 12:05:00;Strada Urbana;VIA SALARIA;all'intersezione con;VIALE SOMALIA;VIALE SOMALIA;;;Scontro laterale fra veicoli in marcia;Incrocio;Una carreggiata a doppio senso;Asciutto;Asfaltata;Verticale ed orizzontale;Sereno;Intenso;Buona;Ore Diurne;0;0;0;2;12.509;41.9359;-1;1;Autovettura privata;In marcia / fermata / arresto;Conducente;F;Illeso;0;;;
4614876;2;21/10/2019 12:05:00;Strada Urbana;VIA SALARIA;all'intersezione con;VIALE SOMALIA;VIALE SOMALIA;;;Scontro laterale fra veicoli in marcia;Incrocio;Una carreggiata a doppio senso;Asciutto;Asfaltata;Verticale ed orizzontale;Sereno;Intenso;Buona;Ore Diurne;0;0;0;2;12.509;41.9359;-1;2;Autovettura privata;In marcia / fermata / arresto;Conducente;F;Illeso;0;;;
4614882;2;21/10/2019 16:15:00;Strada Urbana;VIALE SOMALIA;da specificare;;;;PROSS. 259;Scontro laterale fra veicoli in marcia;Rettilineo;Una carreggiata a doppio senso;Asciutto;Asfaltata;Verticale ed orizzontale;Sereno;Intenso;Buona;Ore Diurne;0;0;0;3;12.5151;41.936;-1;1;Autobus urbano;In marcia / fermata / arresto;Conducente;M;Illeso;0;;Non accertato;Inesploso