Protocollo;Gruppo;DataOraIncidente;Localizzazione1;STRADA1;Localizzazione2;STRADA2;Strada02;Chilometrica;DaSpecificare;NaturaIncidente;particolaritastrade;TipoStrada;FondoStradale;Pavimentazione;Segnaletica;CondizioneAtmosferica;Traffico;Visibilita;Illuminazione;NUM_FERITI;NUM_RISERVATA;NUM_MORTI;NUM_ILLESI;Longitudine;Latitudine;Confermato;Progressivo;TipoVeicolo;StatoVeicolo;TipoPersona;Sesso;Tipolesione;Deceduto;DecedutoDopo;CinturaCascoUtilizzato;Airbag;
4618708;13;23/10/2019 10:00:00;Strada Urbana;VIA DEL MARE;in prossimit�;;della chilometrica;17.3;;Tamponamento Multiplo;Pendenza;Una carreggiata a doppio senso;Asciutto;Asfaltata;Verticale ed orizzontale;Sereno;Normale;Buona;Ore Diurne;2;0;0;4;12.4632;41.8403;-1;2;Autovettura privata;In marcia / fermata / arresto;Conducente;M;Rimandato;0;NON DECEDUTO;Non accertato;Inesploso
4618708;13;23/10/2019 10:00:00;Strada Urbana;VIA DEL MARE;in prossimit�;;della chilometrica;17.3;;Tamponamento Multiplo;Pendenza;Una carreggiata a doppio senso;Asciutto;Asfaltata;Verticale ed orizzontale;Sereno;Normale;Buona;Ore Diurne;2;0;0;4;12.4632;41.8403;-1;2;Autovettura privata;In marcia / fermata / arresto;Passeggero;M;Rimandato;0;NON DECEDUTO;Non accertato;Inesploso
4618708;13;23/10/2019 10:00:00;Strada Urbana;VIA DEL MARE;in prossimit�;;della chilometrica;17.3;;Tamponamento Multiplo;Pendenza;Una carreggiata a doppio senso;Asciutto;Asfaltata;Verticale ed orizzontale;Sereno;Normale;Buona;Ore Diurne;2;0;0;4;12.4632;41.8403;-1;3;Autovettura privata;In marcia / fermata / arresto;Conducente;M;Illeso;0;;Non accertato;Inesploso
4618708;13;23/10/2019 10:00:00;Strada Urbana;VIA DEL MARE;in prossimit�;;della chilometrica;17.3;;Tamponamento Multiplo;Pendenza;Una carreggiata a doppio senso;Asciutto;Asfaltata;Verticale ed orizzontale;Sereno;Normale;Buona;Ore Diurne;2;0;0;4;12.4632;41.8403;-1;4;Autovettura privata;In marcia / fermata / arresto;Conducente;M;Illeso;0;;Non accertato;Inesploso
4618725;8;23/10/2019 18:30:00;;VIA CASILINA;all'intersezione con;VIA DI TOR VERGATA;VIA DI TOR VERGATA;;;Fuoriuscita dalla sede stradale;;;;;;;;;;1;0;0;0;12.6199;41.8628;0;1;Motociclo a solo;In marcia / fermata / arresto;Conducente;M;Ricoverato;0;NON DECEDUTO;;
4618729;12;24/10/2019 03:50:00;Strada Urbana;VIA DELLA CECCHIGNOLA;da specificare;;;;alt. via della Cecchignoletta;Veicolo in marcia contro ostacolo fisso;Rettilineo;Una carreggiata a doppio senso;Asciutto;Asfaltata;Verticale ed orizzontale;Sereno;Scarso;Buona;Sufficiente;1;0;0;0;12.5131;41.8154;-1;1;Autovettura privata;In marcia / fermata / arresto;Conducente;M;Rimandato;0;NON DECEDUTO;Non accertato;
4618741;8;23/10/2019 19:15:00;Strada Urbana;VIA DI TOR BELLA MONACA;da specificare;;;;alt. rampa immissione Via P. Anderloni;Scontro frontale/laterale SX fra veicoli in marcia;Rettilineo;Due carreggiate;Asciutto;Asfaltata;Verticale ed orizzontale;Sereno;Normale;Buona;Sufficiente;1;0;0;4;12.6281;41.8764;-1;1;Autovettura privata;In marcia / fermata / arresto;Conducente;M;Illeso;0;;;
4618741;8;23/10/2019 19:15:00;Strada Urbana;VIA DI TOR BELLA MONACA;da specificare;;;;alt. rampa immissione Via P. Anderloni;Scontro frontale/laterale SX fra veicoli in marcia;Rettilineo;Due carreggiate;Asciutto;Asfaltata;Verticale ed orizzontale;Sereno;Normale;Buona;Sufficiente;1;0;0;4;12.6281;41.8764;-1;2;Autovettura privata;In marcia / fermata / arresto;Conducente;M;Illeso;0;;;
4618741;8;23/10/2019 19:15:00;Strada Urbana;VIA DI TOR BELLA MONACA;da specificare;;;;alt. rampa immissione Via P. Anderloni;Scontro frontale/laterale SX fra veicoli in marcia;Rettilineo;Due carreggiate;Asciutto;Asfaltata;Verticale ed orizzontale;Sereno;Normale;Buona;Sufficiente;1;0;0;4;12.6281;41.8764;-1;2;Autovettura privata;In marcia / fermata / arresto;Passeggero;F;Illeso;0;;;
4618741;8;23/10/2019 19:15:00;Strada Urbana;VIA DI TOR BELLA MONACA;da specificare;;;;alt. rampa immissione Via P. Anderloni;Scontro frontale/laterale SX fra veicoli in marcia;Rettilineo;Due carreggiate;Asciutto;Asfaltata;Verticale ed orizzontale;Sereno;Normale;Buona;Sufficiente;1;0;0;4;12.6281;41.8764;-1;2;Autovettura privata;In marcia / fermata / arresto;Passeggero;M;Illeso;0;;;
4618741;8;23/10/2019 19:15:00;Strada Urbana;VIA DI TOR BELLA MONACA;da specificare;;;;alt. rampa immissione Via P. Anderloni;Scontro frontale/laterale SX fra veicoli in marcia;Rettilineo;Due carreggiate;Asciutto;Asfaltata;Verticale ed orizzontale;Sereno;Normale;Buona;Sufficiente;1;0;0;4;12.6281;41.8764;-1;3;Motociclo a solo;In marcia / fermata / arresto;Conducente;M;Rimandato;0;NON DECEDUTO;;
4618750;8;23/10/2019 07:45:00;Strada Urbana;VIA ACQUAVIVA D'ISERNIA;in corrispondenza;;del civico n.;77;;Scontro frontale/laterale SX fra veicoli in marcia;Rettilineo;Una carreggiata a doppio senso;Asciutto;Asfaltata;Verticale;Sereno;Normale;Buona;Ore Diurne;0;0;0;2;12.6688;41.92;-1;1;Autovettura privata;In marcia / fermata / arresto;Conducente;M;Illeso;0;;Non accertato;Inesploso
4618750;8;23/10/2019 07:45:00;Strada Urbana;VIA ACQUAVIVA D'ISERNIA;in corrispondenza;;del civico n.;77;;Scontro frontale/laterale SX fra veicoli in marcia;Rettilineo;Una carreggiata a doppio senso;Asciutto;Asfaltata;Verticale;Sereno;Normale;Buona;Ore Diurne;0;0;0;2;12.6688;41.92;-1;2;Autovettura privata;In marcia / fermata / arresto;Conducente;M;Illeso;0;;Non accertato;Inesploso
4618755;12;23/10/2019 14:38:00;Strada Urbana;VIA DI VALLERANO;all'intersezione con;VIA LAURENTINA;VIA LAURENTINA;;;Scontro frontale/laterale SX fra veicoli in marcia;Rotatoria;Due carreggiate;Asciutto;Asfaltata;Verticale ed orizzontale;Sereno;Normale;Buona;Ore Diurne;0;0;0;4;12.4507;41.7884;-1;1;Autovettura privata;In marcia / fermata / arresto;Conducente;M;Illeso;0;;;
4618755;12;23/10/2019 14:38:00;Strada Urbana;VIA DI VALLERANO;all'intersezione con;VIA LAURENTINA;VIA LAURENTINA;;;Scontro frontale/laterale SX fra veicoli in marcia;Rotatoria;Due carreggiate;Asciutto;Asfaltata;Verticale ed orizzontale;Sereno;Normale;Buona;Ore Diurne;0;0;0;4;12.4507;41.7884;-1;1;Autovettura privata;In marcia / fermata / arresto;Passeggero;F;Illeso;0;;;
4618755;12;23/10/2019 14:38:00;Strada Urbana;VIA DI VALLERANO;all'intersezione con;VIA LAURENTINA;VIA LAURENTINA;;;Scontro frontale/laterale SX fra veicoli in marcia;Rotatoria;Due carreggiate;Asciutto;Asfaltata;Verticale ed orizzontale;Sereno;Normale;Buona;Ore Diurne;0;0;0;4;12.4507;41.7884;-1;2;Autovettura privata;In marcia / fermata / arresto;Conducente;M;Illeso;0;;;
4618755;12;23/10/2019 14:38:00;Strada Urbana;VIA DI VALLERANO;all'intersezione con;VIA LAURENTINA;VIA LAURENTINA;;;Scontro frontale/laterale SX fra veicoli in marcia;Rotatoria;Due carreggiate;Asciutto;Asfaltata;Verticale ed orizzontale;Sereno;Normale;Buona;Ore Diurne;0;0;0;4;12.4507;41.7884;-1;2;Autovettura privata;In marcia / fermata / arresto;Passeggero;F;Illeso;0;;;
4618756;19;23/10/2019 15:45:00;Strada Urbana;VIA PIEVE DI CADORE;all'intersezione con;VIA SAPPADA;VIA SAPPADA;;;Tamponamento;Rotatoria;Una carreggiata a senso unico di marcia;Asciutto;Asfaltata;Verticale ed orizzontale;Nebbia;Normale;Buona;Ore Diurne;0;0;0;1;12.4336;41.9384;-1;1;Autovettura privata;In marcia / fermata / arresto;Conducente;M;Illeso;0;;Non accertato;Inesploso
4618756;19;23/10/2019 15:45:00;Strada Urbana;VIA PIEVE DI CADORE;all'intersezione con;VIA SAPPADA;VIA SAPPADA;;;Tamponamento;Rotatoria;Una carreggiata a senso unico di marcia;Asciutto;Asfaltata;Verticale ed orizzontale;Nebbia;Normale;Buona;Ore Diurne;0;0;0;1;12.4336;41.9384;-1;2;Autovettura privata;Allontanatosi;;;;;;;
4618762;8;23/10/2019 10:45:00;Strada Urbana;VIALE DELLA SORBONA;all'intersezione con;VIA COLUMBIA;VIA COLUMBIA;;;Scontro laterale fra veicoli in marcia;Rotatoria;Una carreggiata a senso unico di marcia;Asciutto;Asfaltata;Verticale ed orizzontale;Sereno;Normale;Buona;Ore Diurne;0;0;0;2;12.612;41.8546;-1;1;Autovettura privata;In marcia / fermata / arresto;Conducente;M;Illeso;0;;Non accertato;Inesploso
4618762;8;23/10/2019 10:45:00;Strada Urbana;VIALE DELLA SORBONA;all'intersezione con;VIA COLUMBIA;VIA COLUMBIA;;;Scontro laterale fra veicoli in marcia;Rotatoria;Una carreggiata a senso unico di marcia;Asciutto;Asfaltata;Verticale ed orizzontale;Sereno;Normale;Buona;Ore Diurne;0;0;0;2;12.612;41.8546;-1;2;Autovettura privata;In marcia / fermata / arresto;Conducente;M;Illeso;0;;;
4618764;5;23/10/2019 15:18:00;Strada Urbana;VIA PIO MOLAJONI;in prossimit�;;del civico n.;55;;Veicolo in marcia contro veicolo in sosta;Rettilineo;Una carreggiata a doppio senso;Asciutto;Asfaltata;Assente;Sereno;Normale;Buona;Ore Diurne;0;0;0;1;12.5383;41.9074;-1;1;Autovettura privata;In marcia / fermata / arresto;Conducente;F;Illeso;0;;Non accertato;Inesploso
4618764;5;23/10/2019 15:18:00;Strada Urbana;VIA PIO MOLAJONI;in prossimit�;;del civico n.;55;;Veicolo in marcia contro veicolo in sosta;Rettilineo;Una carreggiata a doppio senso;Asciutto;Asfaltata;Assente;Sereno;Normale;Buona;Ore Diurne;0;0;0;1;12.5383;41.9074;-1;2;Autovettura privata;Sosta;;;;;;;
4618766;18;23/10/2019 08:00:00;Strada Urbana;VIA AURELIA;in prossimit�;;del civico n.;773;;Veicolo in marcia contro ostacolo fisso;Rettilineo;Due carreggiate;Asciutto;Asfaltata;Verticale ed orizzontale;Sereno;Normale;Buona;Ore Diurne;0;0;0;2;12.412;41.89;-1;1;Autovettura privata;In marcia / fermata / arresto;Conducente;F;Illeso;0;;Non accertato;Inesploso
4618766;18;23/10/2019 08:00:00;Strada Urbana;VIA AURELIA;in prossimit�;;del civico n.;773;;Veicolo in marcia contro ostacolo fisso;Rettilineo;Due carreggiate;Asciutto;Asfaltata;Verticale ed orizzontale;Sereno;Normale;Buona;Ore Diurne;0;0;0;2;12.412;41.89;-1;1;Autovettura privata;In marcia / fermata / arresto;Passeggero;M;Illeso;0;;Non accertato;Inesploso
4618768;8;23/10/2019 08:00:00;Strada Urbana;VIA CASILINA;da specificare;;;;alt. Via Tommaso Mercandetti;Tamponamento;Rettilineo;Una carreggiata a doppio senso;Asciutto;Asfaltata;Verticale ed orizzontale;Sereno;Intenso;Buona;Ore Diurne;0;0;0;2;12.6199;41.8628;-1;1;Autocaravan;In marcia / fermata / arresto;Conducente;M;Illeso;0;;;
4618768;8;23/10/2019 08:00:00;Strada Urbana;VIA CASILINA;da specificare;;;;alt. Via Tommaso Mercandetti;Tamponamento;Rettilineo;Una carreggiata a doppio senso;Asciutto;Asfaltata;Verticale ed orizzontale;Sereno;Intenso;Buona;Ore Diurne;0;0;0;2;12.6199;41.8628;-1;2;Autocarro inferiore 35 q.;In marcia / fermata / arresto;Conducente;M;Illeso;0;;;
4618777;5;23/10/2019 08:20:00;Strada Urbana;VIA DEI MONTI TIBURTINI;in prossimit�;;del civico n.;151;;Veicolo in marcia contro veicolo arresto;Pendenza;Due carreggiate;Asciutto;Asfaltata;Verticale ed orizzontale;Sereno;Intenso;Buona;Ore Diurne;1;0;0;1;12.5337;41.92;-1;1;Motociclo a solo;In marcia / fermata / arresto;Conducente;M;Rimandato;0;NON DECEDUTO;Non accertato;
4618777;5;23/10/2019 08:20:00;Strada Urbana;VIA DEI MONTI TIBURTINI;in prossimit�;;del civico n.;151;;Veicolo in marcia contro veicolo arresto;Pendenza;Due carreggiate;Asciutto;Asfaltata;Verticale ed orizzontale;Sereno;Intenso;Buona;Ore Diurne;1;0;0;1;12.5337;41.92;-1;2;Autovettura privata;In marcia / fermata / arresto;Conducente;F;Illeso;0;;Non accertato;
4618778;12;23/10/2019 21:20:00;Strada Urbana;VIA LAURENTINA;da specificare;;;;rotatoria dir.ne centro al. Tor Pagnotta;Scontro laterale fra veicoli in marcia;Rotatoria;Una carreggiata a senso unico di marcia;Asciutto;Asfaltata;Verticale ed orizzontale;Sereno;Scarso;Sufficiente;Sufficiente;0;0;0;3;12.4824;41.8036;-1;1;Autovettura privata;In marcia / fermata / arresto;Conducente;F;Illeso;0;;Non accertato;Inesploso
4618778;12;23/10/2019 21:20:00;Strada Urbana;VIA LAURENTINA;da specificare;;;;rotatoria dir.ne centro al. Tor Pagnotta;Scontro laterale fra veicoli in marcia;Rotatoria;Una carreggiata a senso unico di marcia;Asciutto;Asfaltata;Verticale ed orizzontale;Sereno;Scarso;Sufficiente;Sufficiente;0;0;0;3;12.4824;41.8036;-1;2;Motociclo a solo;In marcia / fermata / arresto;Conducente;M;Illeso;0;;Utilizzato;
4618778;12;23/10/2019 21:20:00;Strada Urbana;VIA LAURENTINA;da specificare;;;;rotatoria dir.ne centro al. Tor Pagnotta;Scontro laterale fra veicoli in marcia;Rotatoria;Una carreggiata a senso unico di marcia;Asciutto;Asfaltata;Verticale ed orizzontale;Sereno;Scarso;Sufficiente;Sufficiente;0;0;0;3;12.4824;41.8036;-1;2;Motociclo a solo;In marcia / fermata / arresto;Passeggero;M;Illeso;0;;Utilizzato;
4618779;5;23/10/2019 23:40:00;Strada Urbana;VIA DEI DURANTINI;in prossimit�;;del civico n.;198;;Scontro laterale fra veicoli in marcia;Rettilineo;Una carreggiata a doppio senso;Asciutto;Strada pavimentata dissestata;Verticale ed orizzontale;Sereno;Scarso;Sufficiente;Sufficiente;2;0;0;1;12.5417;41.9155;-1;1;Motociclo a solo;In marcia / fermata / arresto;Conducente;M;Illeso;0;;Non accertato;
4618779;5;23/10/2019 23:40:00;Strada Urbana;VIA DEI DURANTINI;in prossimit�;;del civico n.;198;;Scontro laterale fra veicoli in marcia;Rettilineo;Una carreggiata a doppio senso;Asciutto;Strada pavimentata dissestata;Verticale ed orizzontale;Sereno;Scarso;Sufficiente;Sufficiente;2;0;0;1;12.5417;41.9155;-1;2;Motociclo con passeggero;In marcia / fermata / arresto;Conducente;M;Rimandato;0;NON DECEDUTO;Non accertato;
4618779;5;23/10/2019 23:40:00;Strada Urbana;VIA DEI DURANTINI;in prossimit�;;del civico n.;198;;Scontro laterale fra veicoli in marcia;Rettilineo;Una carreggiata a doppio senso;Asciutto;Strada pavimentata dissestata;Verticale ed orizzontale;Sereno;Scarso;Sufficiente;Sufficiente;2;0;0;1;12.5417;41.9155;-1;2;Motociclo con passeggero;In marcia / fermata / arresto;Passeggero;F;Rimandato;0;NON DECEDUTO;Non accertato;
4618779;5;23/10/2019 23:40:00;Strada Urbana;VIA DEI DURANTINI;in prossimit�;;del civico n.;198;;Scontro laterale fra veicoli in marcia;Rettilineo;Una carreggiata a doppio senso;Asciutto;Strada pavimentata dissestata;Verticale ed orizzontale;Sereno;Scarso;Sufficiente;Sufficiente;2;0;0;1;12.5417;41.9155;-1;3;Autovettura privata;Sosta;;;;;;;
4618782;8;23/10/2019 18:55:00;Strada Urbana;VIA PRENESTINA;in prossimit�;;del civico n.;1089;;Scontro laterale fra veicoli in marcia;Rettilineo;Una carreggiata a doppio senso;Asciutto;Asfaltata;Verticale ed orizzontale;Sereno;Intenso;Sufficiente;Sufficiente;0;0;0;4;12.6174;41.8933;-1;1;Autovettura privata;In marcia / fermata / arresto;Conducente;M;Illeso;0;;;
4618782;8;23/10/2019 18:55:00;Strada Urbana;VIA PRENESTINA;in prossimit�;;del civico n.;1089;;Scontro laterale fra veicoli in marcia;Rettilineo;Una carreggiata a doppio senso;Asciutto;Asfaltata;Verticale ed orizzontale;Sereno;Intenso;Sufficiente;Sufficiente;0;0;0;4;12.6174;41.8933;-1;1;Autovettura privata;In marcia / fermata / arresto;Passeggero;F;Illeso;0;;Non accertato;Inesploso
4618782;8;23/10/2019 18:55:00;Strada Urbana;VIA PRENESTINA;in prossimit�;;del civico n.;1089;;Scontro laterale fra veicoli in marcia;Rettilineo;Una carreggiata a doppio senso;Asciutto;Asfaltata;Verticale ed orizzontale;Sereno;Intenso;Sufficiente;Sufficiente;0;0;0;4;12.6174;41.8933;-1;1;Autovettura privata;In marcia / fermata / arresto;Passeggero;F;Illeso;0;;;
4618782;8;23/10/2019 18:55:00;Strada Urbana;VIA PRENESTINA;in prossimit�;;del civico n.;1089;;Scontro laterale fra veicoli in marcia;Rettilineo;Una carreggiata a doppio senso;Asciutto;Asfaltata;Verticale ed orizzontale;Sereno;Intenso;Sufficiente;Sufficiente;0;0;0;4;12.6174;41.8933;-1;2;Autovettura privata;In marcia / fermata / arresto;Conducente;M;Illeso;0;;;
4618789;8;23/10/2019 13:10:00;Strada Urbana;VIA SILIUS;in prossimit�;;del civico n.;6;;Scontro laterale fra veicoli in marcia;Rettilineo;Una carreggiata a doppio senso;Asciutto;Asfaltata;Assente;Sereno;Normale;Buona;Ore Diurne;1;0;0;1;12.6736;41.8817;-1;1;Motociclo a solo;In marcia / fermata / arresto;Conducente;M;Rimandato;0;NON DECEDUTO;Non accertato;
4618789;8;23/10/2019 13:10:00;Strada Urbana;VIA SILIUS;in prossimit�;;del civico n.;6;;Scontro laterale fra veicoli in marcia;Rettilineo;Una carreggiata a doppio senso;Asciutto;Asfaltata;Assente;Sereno;Normale;Buona;Ore Diurne;1;0;0;1;12.6736;41.8817;-1;2;Autovettura privata;In marcia / fermata / arresto;Conducente;F;Illeso;0;;Non accertato;Inesploso
4618791;20;23/10/2019 16:30:00;Strada Urbana;CORSO DI FRANCIA;da specificare;;;;altezza rampa Foro Italico dir GRA;Tamponamento;Rettilineo;Una carreggiata a senso unico di marcia;Asciutto;Asfaltata;Verticale ed orizzontale;Sereno;Normale;Buona;Ore Diurne;1;0;0;3;12.4717;41.9367;-1;1;Autovettura privata;In marcia / fermata / arresto;Conducente;F;Illeso;0;;Non accertato;
4618791;20;23/10/2019 16:30:00;Strada Urbana;CORSO DI FRANCIA;da specificare;;;;altezza rampa Foro Italico dir GRA;Tamponamento;Rettilineo;Una carreggiata a senso unico di marcia;Asciutto;Asfaltata;Verticale ed orizzontale;Sereno;Normale;Buona;Ore Diurne;1;0;0;3;12.4717;41.9367;-1;1;Autovettura privata;In marcia / fermata / arresto;Passeggero;F;Rimandato;0;NON DECEDUTO;Non accertato;
4618791;20;23/10/2019 16:30:00;Strada Urbana;CORSO DI FRANCIA;da specificare;;;;altezza rampa Foro Italico dir GRA;Tamponamento;Rettilineo;Una carreggiata a senso unico di marcia;Asciutto;Asfaltata;Verticale ed orizzontale;Sereno;Normale;Buona;Ore Diurne;1;0;0;3;12.4717;41.9367;-1;2;Autovettura privata;In marcia / fermata / arresto;Conducente;F;Illeso;0;;Non accertato;
4618791;20;23/10/2019 16:30:00;Strada Urbana;CORSO DI FRANCIA;da specificare;;;;altezza rampa Foro Italico dir GRA;Tamponamento;Rettilineo;Una carreggiata a senso unico di marcia;Asciutto;Asfaltata;Verticale ed orizzontale;Sereno;Normale;Buona;Ore Diurne;1;0;0;3;12.4717;41.9367;-1;2;Autovettura privata;In marcia / fermata / arresto;Passeggero;M;Illeso;0;;Non accertato;
4618807;4;23/10/2019 08:50:00;Strada Urbana;VIA LUIGI CAPUANA;all'intersezione semaforizzata con;PIAZZA PIER CARLO TALENTI;PIAZZA PIER CARLO TALENTI;;;Scontro laterale fra veicoli in marcia;Incrocio;Due carreggiate;Asciutto;Asfaltata;Assente;Sereno;Intenso;Buona;Ore Diurne;0;0;0;3;12.5473;41.9474;-1;1;Autocarro inferiore 35 q.;In marcia / fermata / arresto;Conducente;M;Illeso;0;;;
4618807;4;23/10/2019 08:50:00;Strada Urbana;VIA LUIGI CAPUANA;all'intersezione semaforizzata con;PIAZZA PIER CARLO TALENTI;PIAZZA PIER CARLO TALENTI;;;Scontro laterale fra veicoli in marcia;Incrocio;Due carreggiate;Asciutto;Asfaltata;Assente;Sereno;Intenso;Buona;Ore Diurne;0;0;0;3;12.5473;41.9474;-1;1;Autocarro inferiore 35 q.;In marcia / fermata / arresto;Passeggero;F;Illeso;0;;;
4618807;4;23/10/2019 08:50:00;Strada Urbana;VIA LUIGI CAPUANA;all'intersezione semaforizzata con;PIAZZA PIER CARLO TALENTI;PIAZZA PIER CARLO TALENTI;;;Scontro laterale fra veicoli in marcia;Incrocio;Due carreggiate;Asciutto;Asfaltata;Assente;Sereno;Intenso;Buona;Ore Diurne;0;0;0;3;12.5473;41.9474;-1;2;Autovettura privata;In marcia / fermata / arresto;Conducente;M;Illeso;0;;;
4618814;20;24/10/2019 07:45:00;Provinciale;VIA FLAMINIA;in corrispondenza;;del civico n.;1113;;Scontro laterale fra veicoli in marcia;Rettilineo;Due carreggiate;Asciutto;Asfaltata;Verticale ed orizzontale;Nuvoloso;Intenso;Buona;Ore Diurne;0;0;0;2;12.4932;41.9841;-1;1;Autoarticolato;In marcia / fermata / arresto;Conducente;M;Illeso;0;;Non accertato;Inesploso
4618814;20;24/10/2019 07:45:00;Provinciale;VIA FLAMINIA;in corrispondenza;;del civico n.;1113;;Scontro laterale fra veicoli in marcia;Rettilineo;Due carreggiate;Asciutto;Asfaltata;Verticale ed orizzontale;Nuvoloso;Intenso;Buona;Ore Diurne;0;0;0;2;12.4932;41.9841;-1;2;Autovettura privata;In marcia / fermata / arresto;Conducente;F;Illeso;0;;Non accertato;Inesploso
4618816;4;23/10/2019 08:45:00;Strada Urbana;VIA VAL D'OSSOLA;all'intersezione con;VIA VALDINIEVOLE;VIA VALDINIEVOLE;;;Scontro frontale/laterale DX fra veicoli in marcia;Incrocio;Due carreggiate;Asciutto;Asfaltata;Verticale;Sereno;Normale;Buona;Ore Diurne;0;0;0;2;12.5287;41.9352;-1;1;Autovettura privata;In marcia / fermata / arresto;Conducente;F;Illeso;0;;Non accertato;Inesploso
4618816;4;23/10/2019 08:45:00;Strada Urbana;VIA VAL D'OSSOLA;all'intersezione con;VIA VALDINIEVOLE;VIA VALDINIEVOLE;;;Scontro frontale/laterale DX fra veicoli in marcia;Incrocio;Due carreggiate;Asciutto;Asfaltata;Verticale;Sereno;Normale;Buona;Ore Diurne;0;0;0;2;12.5287;41.9352;-1;2;Autovettura privata;In marcia / fermata / arresto;Conducente;M;Illeso;0;;Non accertato;Inesploso
4618823;5;23/10/2019 10:20:00;Strada Urbana;VIA COMTE;da specificare;;;;PROSSIMITA' VIA KANT;Veicolo in marcia contro veicolo in sosta;Rettilineo;Una carreggiata a senso unico di marcia;Asciutto;Asfaltata;Verticale;Sereno;Normale;Buona;Ore Diurne;0;0;0;1;12.5556;41.9337;-1;1;Autovettura privata;In marcia / fermata / arresto;Conducente;M;Illeso;0;;Non accertato;
4618823;5;23/10/2019 10:20:00;Strada Urbana;VIA COMTE;da specificare;;;;PROSSIMITA' VIA KANT;Veicolo in marcia contro veicolo in sosta;Rettilineo;Una carreggiata a senso unico di marcia;Asciutto;Asfaltata;Verticale;Sereno;Normale;Buona;Ore Diurne;0;0;0;1;12.5556;41.9337;-1;2;Autovettura privata;Sosta;;;;;;;
4618828;18;23/10/2019 14:00:00;Strada Urbana;VIA AURELIA;in prossimit�;;del civico n.;480;;Scontro frontale/laterale DX fra veicoli in marcia;Rettilineo;Una carreggiata a doppio senso;Asciutto;Asfaltata;Verticale ed orizzontale;Sereno;Normale;Buona;Ore Diurne;0;0;0;2;12.4215;41.8972;-1;1;Autovettura privata;In marcia / fermata / arresto;Conducente;F;Illeso;0;;Non accertato;Inesploso
4618828;18;23/10/2019 14:00:00;Strada Urbana;VIA AURELIA;in prossimit�;;del civico n.;480;;Scontro frontale/laterale DX fra veicoli in marcia;Rettilineo;Una carreggiata a doppio senso;Asciutto;Asfaltata;Verticale ed orizzontale;Sereno;Normale;Buona;Ore Diurne;0;0;0;2;12.4215;41.8972;-1;2;Autovettura privata;In marcia / fermata / arresto;Conducente;M;Illeso;0;;Non accertato;Inesploso
4618839;12;23/10/2019 16:00:00;Strada Urbana;VIA GIORGIO SARS;in corrispondenza;;del civico n.;75;;Veicolo in marcia contro veicolo in sosta;Pendenza;Due carreggiate;Asciutto;Asfaltata;Verticale ed orizzontale;Sereno;Normale;Buona;Ore Diurne;0;0;0;1;12.5224;41.7924;-1;1;Autovettura privata;In marcia / fermata / arresto;Conducente;F;Illeso;0;;Utilizzato;Inesploso
4618839;12;23/10/2019 16:00:00;Strada Urbana;VIA GIORGIO SARS;in corrispondenza;;del civico n.;75;;Veicolo in marcia contro veicolo in sosta;Pendenza;Due carreggiate;Asciutto;Asfaltata;Verticale ed orizzontale;Sereno;Normale;Buona;Ore Diurne;0;0;0;1;12.5224;41.7924;-1;2;Autovettura privata;Sosta;;;;;;;
4618858;17;23/10/2019 16:48:00;Strada Urbana;VIA CANDIA;in corrispondenza;;del civico n.;129;;Veicolo in marcia contro veicolo in sosta;Rettilineo;Una carreggiata a senso unico di marcia;Asciutto;Asfaltata;Verticale ed orizzontale;Sereno;Normale;Buona;Ore Diurne;1;0;0;0;12.4511;41.9076;-1;1;Motociclo a solo;In marcia / fermata / arresto;Conducente;M;Rimandato;0;NON DECEDUTO;Non accertato;
4618858;17;23/10/2019 16:48:00;Strada Urbana;VIA CANDIA;in corrispondenza;;del civico n.;129;;Veicolo in marcia contro veicolo in sosta;Rettilineo;Una carreggiata a senso unico di marcia;Asciutto;Asfaltata;Verticale ed orizzontale;Sereno;Normale;Buona;Ore Diurne;1;0;0;0;12.4511;41.9076;-1;2;Autovettura privata;Sosta;;;;;;;
4618879;7;23/10/2019 09:15:00;Strada Urbana;VIA DEL TRIFOGLIO;in corrispondenza;;del civico n.;21;;Veicolo in marcia contro veicolo in sosta;Rettilineo;Una carreggiata a senso unico di marcia;Asciutto;Asfaltata;Verticale;Sereno;Normale;Buona;Ore Diurne;0;0;0;1;12.5619;41.8849;-1;1;Autovettura privata;In marcia / fermata / arresto;Conducente;F;Illeso;0;;;
4618879;7;23/10/2019 09:15:00;Strada Urbana;VIA DEL TRIFOGLIO;in corrispondenza;;del civico n.;21;;Veicolo in marcia contro veicolo in sosta;Rettilineo;Una carreggiata a senso unico di marcia;Asciutto;Asfaltata;Verticale;Sereno;Normale;Buona;Ore Diurne;0;0;0;1;12.5619;41.8849;-1;2;Autovettura privata;Sosta;;;;;;;
4618882;17;23/10/2019 09:00:00;Strada Urbana;VIA ANASTASIO II;in prossimit�;;del civico n.;328;;Investimento di pedone;Rettilineo;Due carreggiate;Asciutto;Asfaltata;Verticale ed orizzontale;Sereno;Intenso;Buona;Ore Diurne;1;0;0;1;12.4436;41.9041;-1;;;;Pedone;F;Rimandato;0;NON DECEDUTO;;