Protocollo;Gruppo;DataOraIncidente;Localizzazione1;STRADA1;Localizzazione2;STRADA2;Strada02;Chilometrica;DaSpecificare;NaturaIncidente;particolaritastrade;TipoStrada;FondoStradale;Pavimentazione;Segnaletica;CondizioneAtmosferica;Traffico;Visibilita;Illuminazione;NUM_FERITI;NUM_RISERVATA;NUM_MORTI;NUM_ILLESI;Longitudine;Latitudine;Confermato;Progressivo;TipoVeicolo;StatoVeicolo;TipoPersona;Sesso;Tipolesione;Deceduto;DecedutoDopo;CinturaCascoUtilizzato;Airbag;
4619324;1;23/10/2019 17:30:00;Strada Urbana;VIA MARMORATA;all'intersezione con;VIA GIUSEPPE BRANCA;VIA GIUSEPPE BRANCA;;;Scontro laterale fra veicoli in marcia;Intersezione stradale segnalata;Una carreggiata a senso unico di marcia;Asciutto;Asfaltata;Verticale ed orizzontale;Sereno;Normale;Buona;Ore Diurne;0;0;0;2;12.4784;41.8798;-1;1;Motociclo a solo;In marcia / fermata / arresto;Conducente;M;Illeso;0;;Non accertato;
4619324;1;23/10/2019 17:30:00;Strada Urbana;VIA MARMORATA;all'intersezione con;VIA GIUSEPPE BRANCA;VIA GIUSEPPE BRANCA;;;Scontro laterale fra veicoli in marcia;Intersezione stradale segnalata;Una carreggiata a senso unico di marcia;Asciutto;Asfaltata;Verticale ed orizzontale;Sereno;Normale;Buona;Ore Diurne;0;0;0;2;12.4784;41.8798;-1;2;Autovettura pubblica;In marcia / fermata / arresto;Conducente;M;Illeso;0;;Non accertato;Inesploso
4619347;15;24/10/2019 08:20:00;Comunale extraurbana;VIA DELLA MURATELLA;in prossimit�;;del palo luce n.;13;;Scontro frontale fra veicoli in marcia;Rettilineo;Una carreggiata a doppio senso;Asciutto;Asfaltata;Verticale ed orizzontale;Sereno;Normale;Buona;Ore Diurne;0;1;0;2;12.2585;41.8576;-1;1;Autovettura privata;In marcia / fermata / arresto;Conducente;M;Illeso;0;;Non accertato;Esploso
4619347;15;24/10/2019 08:20:00;Comunale extraurbana;VIA DELLA MURATELLA;in prossimit�;;del palo luce n.;13;;Scontro frontale fra veicoli in marcia;Rettilineo;Una carreggiata a doppio senso;Asciutto;Asfaltata;Verticale ed orizzontale;Sereno;Normale;Buona;Ore Diurne;0;1;0;2;12.2585;41.8576;-1;2;Motociclo a solo;In marcia / fermata / arresto;Conducente;M;Prognosi riservata;0;NON DECEDUTO;Non accertato;
4619347;15;24/10/2019 08:20:00;Comunale extraurbana;VIA DELLA MURATELLA;in prossimit�;;del palo luce n.;13;;Scontro frontale fra veicoli in marcia;Rettilineo;Una carreggiata a doppio senso;Asciutto;Asfaltata;Verticale ed orizzontale;Sereno;Normale;Buona;Ore Diurne;0;1;0;2;12.2585;41.8576;-1;3;Autoarticolato;In marcia / fermata / arresto;Conducente;M;Illeso;0;;Non accertato;Inesploso
4619376;7;24/10/2019 03:00:00;Strada Urbana;VIALE PALMIRO TOGLIATTI;in corrispondenza;;del civico n.;1280;;Scontro laterale fra veicoli in marcia;Rettilineo;Una carreggiata a doppio senso;Asciutto;Asfaltata;Verticale;Sereno;Normale;Sufficiente;Sufficiente;0;0;0;2;12.5759;41.9012;-1;1;Autoarticolato;In marcia / fermata / arresto;Conducente;M;Illeso;0;;Non accertato;Inesploso
4619376;7;24/10/2019 03:00:00;Strada Urbana;VIALE PALMIRO TOGLIATTI;in corrispondenza;;del civico n.;1280;;Scontro laterale fra veicoli in marcia;Rettilineo;Una carreggiata a doppio senso;Asciutto;Asfaltata;Verticale;Sereno;Normale;Sufficiente;Sufficiente;0;0;0;2;12.5759;41.9012;-1;2;Autovettura privata;In marcia / fermata / arresto;Conducente;M;Illeso;0;;Non accertato;Inesploso
4619401;1;23/10/2019 00:05:00;Strada Urbana;VIA MILANO;all'intersezione con;VIA PALERMO;VIA PALERMO;;;Scontro frontale/laterale DX fra veicoli in marcia;Incrocio;Una carreggiata a senso unico di marcia;Asciutto;In cubetti di porfido;Verticale ed orizzontale;Sereno;Scarso;Buona;Sufficiente;0;0;0;4;12.4914;41.898;-1;1;Autovettura privata;In marcia / fermata / arresto;Conducente;M;Illeso;0;;;
4619401;1;23/10/2019 00:05:00;Strada Urbana;VIA MILANO;all'intersezione con;VIA PALERMO;VIA PALERMO;;;Scontro frontale/laterale DX fra veicoli in marcia;Incrocio;Una carreggiata a senso unico di marcia;Asciutto;In cubetti di porfido;Verticale ed orizzontale;Sereno;Scarso;Buona;Sufficiente;0;0;0;4;12.4914;41.898;-1;1;Autovettura privata;In marcia / fermata / arresto;Passeggero;M;Illeso;0;;;
4619401;1;23/10/2019 00:05:00;Strada Urbana;VIA MILANO;all'intersezione con;VIA PALERMO;VIA PALERMO;;;Scontro frontale/laterale DX fra veicoli in marcia;Incrocio;Una carreggiata a senso unico di marcia;Asciutto;In cubetti di porfido;Verticale ed orizzontale;Sereno;Scarso;Buona;Sufficiente;0;0;0;4;12.4914;41.898;-1;1;Autovettura privata;In marcia / fermata / arresto;Passeggero;M;Illeso;0;;;
4619401;1;23/10/2019 00:05:00;Strada Urbana;VIA MILANO;all'intersezione con;VIA PALERMO;VIA PALERMO;;;Scontro frontale/laterale DX fra veicoli in marcia;Incrocio;Una carreggiata a senso unico di marcia;Asciutto;In cubetti di porfido;Verticale ed orizzontale;Sereno;Scarso;Buona;Sufficiente;0;0;0;4;12.4914;41.898;-1;2;Autovettura privata;In marcia / fermata / arresto;Conducente;M;Illeso;0;;;
4619413;16;23/10/2019 15:30:00;Strada Urbana;VIA ANTON GIULIO BARRILI;in corrispondenza;;del civico n.;14;;Scontro frontale/laterale DX fra veicoli in marcia;Rettilineo;Una carreggiata a senso unico di marcia;Asciutto;Asfaltata;Verticale ed orizzontale;Sereno;Normale;Buona;Ore Diurne;0;0;0;2;12.4606;41.8768;-1;1;Autovettura privata;In marcia / fermata / arresto;Conducente;M;Illeso;0;;Non accertato;Inesploso
4619413;16;23/10/2019 15:30:00;Strada Urbana;VIA ANTON GIULIO BARRILI;in corrispondenza;;del civico n.;14;;Scontro frontale/laterale DX fra veicoli in marcia;Rettilineo;Una carreggiata a senso unico di marcia;Asciutto;Asfaltata;Verticale ed orizzontale;Sereno;Normale;Buona;Ore Diurne;0;0;0;2;12.4606;41.8768;-1;2;Autovettura privata;In marcia / fermata / arresto;Conducente;M;Illeso;0;;Non accertato;Inesploso
4619427;16;23/10/2019 16:55:00;Strada Urbana;VIA LUIGI RONZONI;in prossimit�;;del civico n.;31;;Tamponamento;Rettilineo;Una carreggiata a senso unico di marcia;Asciutto;Asfaltata;Verticale ed orizzontale;Sereno;Normale;Buona;Ore Diurne;0;0;0;4;12.4471;41.8666;-1;1;Autovettura privata;In marcia / fermata / arresto;Conducente;M;Illeso;0;;;
4619427;16;23/10/2019 16:55:00;Strada Urbana;VIA LUIGI RONZONI;in prossimit�;;del civico n.;31;;Tamponamento;Rettilineo;Una carreggiata a senso unico di marcia;Asciutto;Asfaltata;Verticale ed orizzontale;Sereno;Normale;Buona;Ore Diurne;0;0;0;4;12.4471;41.8666;-1;1;Autovettura privata;In marcia / fermata / arresto;Passeggero;M;Illeso;0;;;
4619427;16;23/10/2019 16:55:00;Strada Urbana;VIA LUIGI RONZONI;in prossimit�;;del civico n.;31;;Tamponamento;Rettilineo;Una carreggiata a senso unico di marcia;Asciutto;Asfaltata;Verticale ed orizzontale;Sereno;Normale;Buona;Ore Diurne;0;0;0;4;12.4471;41.8666;-1;1;Autovettura privata;In marcia / fermata / arresto;Passeggero;M;Illeso;0;;;
4619427;16;23/10/2019 16:55:00;Strada Urbana;VIA LUIGI RONZONI;in prossimit�;;del civico n.;31;;Tamponamento;Rettilineo;Una carreggiata a senso unico di marcia;Asciutto;Asfaltata;Verticale ed orizzontale;Sereno;Normale;Buona;Ore Diurne;0;0;0;4;12.4471;41.8666;-1;2;Autovettura privata;In marcia / fermata / arresto;Conducente;M;Illeso;0;;;
4619429;7;24/10/2019 12:00:00;Strada Urbana;VIA GIUSEPPE CANDIANI;all'intersezione semaforizzata con;VIA PRENESTINA;VIA PRENESTINA;;;Scontro laterale fra veicoli in marcia;Incrocio;Una carreggiata a senso unico di marcia;Asciutto;Asfaltata;Verticale ed orizzontale;Nuvoloso;Normale;Buona;Ore Diurne;0;0;0;2;12.5844;41.8937;-1;1;Autovettura privata;In marcia / fermata / arresto;Conducente;F;Illeso;0;;Non accertato;Inesploso
4619429;7;24/10/2019 12:00:00;Strada Urbana;VIA GIUSEPPE CANDIANI;all'intersezione semaforizzata con;VIA PRENESTINA;VIA PRENESTINA;;;Scontro laterale fra veicoli in marcia;Incrocio;Una carreggiata a senso unico di marcia;Asciutto;Asfaltata;Verticale ed orizzontale;Nuvoloso;Normale;Buona;Ore Diurne;0;0;0;2;12.5844;41.8937;-1;2;Autovettura privata;In marcia / fermata / arresto;Conducente;M;Illeso;0;;Non accertato;Inesploso
4619452;16;23/10/2019 20:30:00;Strada Urbana;LUNGOTEVERE PORTUENSE;all'intersezione con;VIA DEGLI STRADIVARI;VIA DEGLI STRADIVARI;;;Scontro laterale fra veicoli in marcia;Incrocio;Una carreggiata a doppio senso;Asciutto;Asfaltata;Verticale;Sereno;Scarso;Sufficiente;Sufficiente;0;0;0;2;12.469;41.8781;0;1;Autovettura privata;In marcia / fermata / arresto;Conducente;M;Illeso;0;;Non accertato;Inesploso
4619452;16;23/10/2019 20:30:00;Strada Urbana;LUNGOTEVERE PORTUENSE;all'intersezione con;VIA DEGLI STRADIVARI;VIA DEGLI STRADIVARI;;;Scontro laterale fra veicoli in marcia;Incrocio;Una carreggiata a doppio senso;Asciutto;Asfaltata;Verticale;Sereno;Scarso;Sufficiente;Sufficiente;0;0;0;2;12.469;41.8781;0;2;Motociclo a solo;In marcia / fermata / arresto;Conducente;M;Illeso;0;;Non accertato;
4619559;9;24/10/2019 07:10:00;Strada Urbana;VIALE DELLE MURA LATINE;all'intersezione con;VIA CAMERIA;VIA CAMERIA;;;Scontro frontale/laterale DX fra veicoli in marcia;Intersezione stradale segnalata;Una carreggiata a doppio senso;Asciutto;Asfaltata;Verticale ed orizzontale;Sereno;Normale;Sufficiente;Ore Diurne;0;0;0;2;12.5031;41.8751;-1;1;Autovettura privata;In marcia / fermata / arresto;Conducente;M;Illeso;0;;Non accertato;Inesploso
4619559;9;24/10/2019 07:10:00;Strada Urbana;VIALE DELLE MURA LATINE;all'intersezione con;VIA CAMERIA;VIA CAMERIA;;;Scontro frontale/laterale DX fra veicoli in marcia;Intersezione stradale segnalata;Una carreggiata a doppio senso;Asciutto;Asfaltata;Verticale ed orizzontale;Sereno;Normale;Sufficiente;Ore Diurne;0;0;0;2;12.5031;41.8751;-1;2;Autovettura privata;In marcia / fermata / arresto;Conducente;M;Illeso;0;;Non accertato;Inesploso
4619563;9;24/10/2019 11:05:00;;VIA CORFINIO;in corrispondenza;;del civico n.;25;;Veicolo in marcia contro veicolo in sosta;;;;;;;;;;0;0;0;1;12.5084;41.8845;0;1;Autocarro superiore 35 q.;In marcia / fermata / arresto;Conducente;M;Illeso;0;;Non accertato;Inesploso
4619563;9;24/10/2019 11:05:00;;VIA CORFINIO;in corrispondenza;;del civico n.;25;;Veicolo in marcia contro veicolo in sosta;;;;;;;;;;0;0;0;1;12.5084;41.8845;0;2;Autovettura privata;Sosta;;;;;;;
4619610;1;23/10/2019 16:48:00;Strada Urbana;VIA DEL TEATRO DI MARCELLO;in prossimit�;;del civico n.;10;;Tamponamento Multiplo;Rettilineo;Una carreggiata a doppio senso;Asciutto;In cubetti di porfido;Verticale ed orizzontale;Sereno;Normale;Buona;Ore Diurne;1;0;0;2;12.4814;41.8934;-1;1;Autovettura di polizia;In marcia / fermata / arresto;Conducente;M;Illeso;0;;;
4619610;1;23/10/2019 16:48:00;Strada Urbana;VIA DEL TEATRO DI MARCELLO;in prossimit�;;del civico n.;10;;Tamponamento Multiplo;Rettilineo;Una carreggiata a doppio senso;Asciutto;In cubetti di porfido;Verticale ed orizzontale;Sereno;Normale;Buona;Ore Diurne;1;0;0;2;12.4814;41.8934;-1;2;Autovettura privata;In marcia / fermata / arresto;Conducente;F;Rifiuta cure immediate;0;NON DECEDUTO;;
4619610;1;23/10/2019 16:48:00;Strada Urbana;VIA DEL TEATRO DI MARCELLO;in prossimit�;;del civico n.;10;;Tamponamento Multiplo;Rettilineo;Una carreggiata a doppio senso;Asciutto;In cubetti di porfido;Verticale ed orizzontale;Sereno;Normale;Buona;Ore Diurne;1;0;0;2;12.4814;41.8934;-1;3;Autovettura pubblica;In marcia / fermata / arresto;Conducente;M;Illeso;0;;;
4619655;7;24/10/2019 14:45:00;Strada Urbana;VIA TOR DE' SCHIAVI;all'intersezione con;VIA DELLE ALBIZZIE;VIA DELLE ALBIZZIE;;;Scontro frontale/laterale DX fra veicoli in marcia;Incrocio;Una carreggiata a doppio senso;Asciutto;Asfaltata;Verticale ed orizzontale;Sereno;Normale;Buona;Ore Diurne;0;0;0;2;12.5629;41.8843;-1;1;Autovettura privata;In marcia / fermata / arresto;Conducente;M;Illeso;0;;Non accertato;Inesploso
4619655;7;24/10/2019 14:45:00;Strada Urbana;VIA TOR DE' SCHIAVI;all'intersezione con;VIA DELLE ALBIZZIE;VIA DELLE ALBIZZIE;;;Scontro frontale/laterale DX fra veicoli in marcia;Incrocio;Una carreggiata a doppio senso;Asciutto;Asfaltata;Verticale ed orizzontale;Sereno;Normale;Buona;Ore Diurne;0;0;0;2;12.5629;41.8843;-1;2;Autovettura privata;In marcia / fermata / arresto;Conducente;F;Illeso;0;;Non accertato;Inesploso
4619659;1;14/10/2019 12:30:00;Strada Urbana;CORSO VITTORIO EMANUELE II;in corrispondenza;;del civico n.;98;;Investimento di pedone;Rettilineo;Una carreggiata a doppio senso;Asciutto;Asfaltata;Verticale ed orizzontale;Sereno;Normale;Buona;Ore Diurne;1;0;0;1;12.476;41.8962;-1;;;;Pedone;M;Rimandato;0;NON DECEDUTO;;
4619659;1;14/10/2019 12:30:00;Strada Urbana;CORSO VITTORIO EMANUELE II;in corrispondenza;;del civico n.;98;;Investimento di pedone;Rettilineo;Una carreggiata a doppio senso;Asciutto;Asfaltata;Verticale ed orizzontale;Sereno;Normale;Buona;Ore Diurne;1;0;0;1;12.476;41.8962;-1;1;Motociclo a solo;In marcia / fermata / arresto;Conducente;M;Illeso;0;;;
4619675;1;23/10/2019 11:20:00;Strada Urbana;VIA DEL TEATRO DI MARCELLO;in prossimit�;;del civico n.;34;;Tamponamento Multiplo;Rettilineo;Una carreggiata a doppio senso;Asciutto;Acciotolata;Orizzontale;Sereno;Normale;Buona;Ore Diurne;1;0;0;2;12.4808;41.893;-1;1;Motociclo a solo;In marcia / fermata / arresto;Conducente;M;Rimandato;0;NON DECEDUTO;;
4619675;1;23/10/2019 11:20:00;Strada Urbana;VIA DEL TEATRO DI MARCELLO;in prossimit�;;del civico n.;34;;Tamponamento Multiplo;Rettilineo;Una carreggiata a doppio senso;Asciutto;Acciotolata;Orizzontale;Sereno;Normale;Buona;Ore Diurne;1;0;0;2;12.4808;41.893;-1;2;Motociclo a solo;In marcia / fermata / arresto;Conducente;M;Illeso;0;;;
4619675;1;23/10/2019 11:20:00;Strada Urbana;VIA DEL TEATRO DI MARCELLO;in prossimit�;;del civico n.;34;;Tamponamento Multiplo;Rettilineo;Una carreggiata a doppio senso;Asciutto;Acciotolata;Orizzontale;Sereno;Normale;Buona;Ore Diurne;1;0;0;2;12.4808;41.893;-1;3;Motociclo a solo;In marcia / fermata / arresto;Conducente;M;Illeso;0;;;
4619702;18;24/10/2019 15:30:00;Strada Urbana;VIA FEDERICO PATETTA;in prossimit�;;del civico n.;46;;Investimento di pedone;Rettilineo;Una carreggiata a doppio senso;Asciutto;Asfaltata;Verticale;Nuvoloso;Normale;Buona;Ore Diurne;2;0;0;1;12.4294;41.9042;-1;;;;Pedone;M;Ricoverato;0;NON DECEDUTO;;
4619702;18;24/10/2019 15:30:00;Strada Urbana;VIA FEDERICO PATETTA;in prossimit�;;del civico n.;46;;Investimento di pedone;Rettilineo;Una carreggiata a doppio senso;Asciutto;Asfaltata;Verticale;Nuvoloso;Normale;Buona;Ore Diurne;2;0;0;1;12.4294;41.9042;-1;1;Motociclo a solo;In marcia / fermata / arresto;Conducente;M;Illeso;0;;Non accertato;
4619702;18;24/10/2019 15:30:00;Strada Urbana;VIA FEDERICO PATETTA;in prossimit�;;del civico n.;46;;Investimento di pedone;Rettilineo;Una carreggiata a doppio senso;Asciutto;Asfaltata;Verticale;Nuvoloso;Normale;Buona;Ore Diurne;2;0;0;1;12.4294;41.9042;-1;1;Motociclo a solo;In marcia / fermata / arresto;Passeggero;M;Rimandato;0;NON DECEDUTO;Non accertato;
4619703;12;24/10/2019 14:20:00;Strada Urbana;VIALE CESARE PAVESE;in prossimit�;;del civico n.;304;;Scontro laterale fra veicoli in marcia;Rettilineo;Due carreggiate;Asciutto;Asfaltata;Verticale ed orizzontale;Nuvoloso;Normale;Buona;Ore Diurne;0;0;0;2;12.4708;41.8167;-1;1;Autocarro inferiore 35 q.;In marcia / fermata / arresto;Conducente;M;Illeso;0;;Non accertato;Inesploso
4619703;12;24/10/2019 14:20:00;Strada Urbana;VIALE CESARE PAVESE;in prossimit�;;del civico n.;304;;Scontro laterale fra veicoli in marcia;Rettilineo;Due carreggiate;Asciutto;Asfaltata;Verticale ed orizzontale;Nuvoloso;Normale;Buona;Ore Diurne;0;0;0;2;12.4708;41.8167;-1;2;Autocarro inferiore 35 q.;In marcia / fermata / arresto;Conducente;M;Illeso;0;;Utilizzato;
4619781;5;21/10/2019 21:30:00;Strada Urbana;VIA MORROVALLE;all'intersezione con;VIA PIEVEBOVIGLIANA;VIA PIEVEBOVIGLIANA;;;Scontro laterale fra veicoli in marcia;Incrocio;Due carreggiate;Asciutto;Asfaltata;Verticale ed orizzontale;Sereno;Scarso;Buona;Sufficiente;0;0;0;3;12.586;41.9398;-1;1;Autovettura privata;In marcia / fermata / arresto;Conducente;M;Illeso;0;;Non accertato;
4619781;5;21/10/2019 21:30:00;Strada Urbana;VIA MORROVALLE;all'intersezione con;VIA PIEVEBOVIGLIANA;VIA PIEVEBOVIGLIANA;;;Scontro laterale fra veicoli in marcia;Incrocio;Due carreggiate;Asciutto;Asfaltata;Verticale ed orizzontale;Sereno;Scarso;Buona;Sufficiente;0;0;0;3;12.586;41.9398;-1;2;Autovettura privata;In marcia / fermata / arresto;Conducente;M;Illeso;0;;Non accertato;
4619781;5;21/10/2019 21:30:00;Strada Urbana;VIA MORROVALLE;all'intersezione con;VIA PIEVEBOVIGLIANA;VIA PIEVEBOVIGLIANA;;;Scontro laterale fra veicoli in marcia;Incrocio;Due carreggiate;Asciutto;Asfaltata;Verticale ed orizzontale;Sereno;Scarso;Buona;Sufficiente;0;0;0;3;12.586;41.9398;-1;2;Autovettura privata;In marcia / fermata / arresto;Passeggero;M;Illeso;0;;Non accertato;
4619864;1;23/10/2019 07:00:00;Strada Urbana;PIAZZA DI S. GIOVANNI IN LATERANO;in corrispondenza;;del civico n.;40;;Scontro laterale fra veicoli in marcia;Rettilineo;Una carreggiata a senso unico di marcia;Asciutto;Asfaltata;Verticale ed orizzontale;Sereno;Intenso;Sufficiente;Ore Diurne;1;0;0;1;12.5051;41.8872;-1;1;Autovettura privata;In marcia / fermata / arresto;Conducente;M;Illeso;0;;;
4619864;1;23/10/2019 07:00:00;Strada Urbana;PIAZZA DI S. GIOVANNI IN LATERANO;in corrispondenza;;del civico n.;40;;Scontro laterale fra veicoli in marcia;Rettilineo;Una carreggiata a senso unico di marcia;Asciutto;Asfaltata;Verticale ed orizzontale;Sereno;Intenso;Sufficiente;Ore Diurne;1;0;0;1;12.5051;41.8872;-1;2;Velocipede;In marcia / fermata / arresto;Conducente;M;Rifiuta cure immediate;0;NON DECEDUTO;Esente;
4619866;12;24/10/2019 16:30:00;Strada Urbana;VIALE DELL'OCEANO PACIFICO;da specificare;;;;altezza via Indonesia;Scontro laterale fra veicoli in marcia;Rettilineo;Due carreggiate;Asciutto;Asfaltata;Verticale ed orizzontale;Nuvoloso;Normale;Buona;Ore Diurne;0;0;0;2;12.4622;41.8186;-1;1;Autovettura privata;In marcia / fermata / arresto;Conducente;F;Illeso;0;;Utilizzato;Inesploso
4619866;12;24/10/2019 16:30:00;Strada Urbana;VIALE DELL'OCEANO PACIFICO;da specificare;;;;altezza via Indonesia;Scontro laterale fra veicoli in marcia;Rettilineo;Due carreggiate;Asciutto;Asfaltata;Verticale ed orizzontale;Nuvoloso;Normale;Buona;Ore Diurne;0;0;0;2;12.4622;41.8186;-1;2;Autovettura privata;In marcia / fermata / arresto;Conducente;M;Illeso;0;;;
4619871;9;24/10/2019 13:45:00;Strada Urbana;VIA GABI;in prossimit�;;del civico n.;30A;;Scontro laterale fra veicoli in marcia;Rettilineo;Una carreggiata a senso unico di marcia;Asciutto;Asfaltata;Assente;Sereno;Scarso;Buona;Ore Diurne;0;0;0;2;12.5089;41.8815;-1;1;Autovettura privata;In marcia / fermata / arresto;Conducente;F;Illeso;0;;Non accertato;Inesploso
4619871;9;24/10/2019 13:45:00;Strada Urbana;VIA GABI;in prossimit�;;del civico n.;30A;;Scontro laterale fra veicoli in marcia;Rettilineo;Una carreggiata a senso unico di marcia;Asciutto;Asfaltata;Assente;Sereno;Scarso;Buona;Ore Diurne;0;0;0;2;12.5089;41.8815;-1;2;Autovettura privata;In marcia / fermata / arresto;Conducente;M;Illeso;0;;Non accertato;Inesploso
4619871;9;24/10/2019 13:45:00;Strada Urbana;VIA GABI;in prossimit�;;del civico n.;30A;;Scontro laterale fra veicoli in marcia;Rettilineo;Una carreggiata a senso unico di marcia;Asciutto;Asfaltata;Assente;Sereno;Scarso;Buona;Ore Diurne;0;0;0;2;12.5089;41.8815;-1;3;Autovettura privata;Sosta;;;;;;;
4619878;9;24/10/2019 14:40:00;Strada Urbana;VIA TUSCOLANA;da specificare;;;;fronte civico 662;Veicolo in marcia contro veicoli in sosta;Rettilineo;Una carreggiata a senso unico di marcia;Asciutto;Asfaltata;Verticale ed orizzontale;Nuvoloso;Scarso;Buona;Ore Diurne;0;0;0;1;12.5414;41.8669;-1;1;Autovettura privata;In marcia / fermata / arresto;Conducente;M;Illeso;0;;Non accertato;
4619878;9;24/10/2019 14:40:00;Strada Urbana;VIA TUSCOLANA;da specificare;;;;fronte civico 662;Veicolo in marcia contro veicoli in sosta;Rettilineo;Una carreggiata a senso unico di marcia;Asciutto;Asfaltata;Verticale ed orizzontale;Nuvoloso;Scarso;Buona;Ore Diurne;0;0;0;1;12.5414;41.8669;-1;2;Autovettura privata;Sosta;;;;;;;
4619879;16;24/10/2019 08:45:00;;VIA SILVESTRI;in corrispondenza;;del civico n.;243;;Tamponamento;;;;;;;;;;0;0;0;3;12.4289;41.877;0;1;Autovettura privata;In marcia / fermata / arresto;Conducente;M;Illeso;0;;;
4619879;16;24/10/2019 08:45:00;;VIA SILVESTRI;in corrispondenza;;del civico n.;243;;Tamponamento;;;;;;;;;;0;0;0;3;12.4289;41.877;0;1;Autovettura privata;In marcia / fermata / arresto;Passeggero;F;Illeso;0;;;
4619879;16;24/10/2019 08:45:00;;VIA SILVESTRI;in corrispondenza;;del civico n.;243;;Tamponamento;;;;;;;;;;0;0;0;3;12.4289;41.877;0;2;Autobus di linea;In marcia / fermata / arresto;Conducente;M;Illeso;0;;;
4619885;10;24/10/2019 16:30:00;Strada Urbana;PIAZZA QUINTO CURZIO;in prossimit�;;del civico n.;34;;Tamponamento;Rotatoria;Due carreggiate;Asciutto;Asfaltata;Assente;Nuvoloso;Normale;Buona;Ore Diurne;1;0;0;1;12.5683;41.8558;-1;1;Autovettura privata;In marcia / fermata / arresto;Conducente;F;Rifiuta cure immediate;0;NON DECEDUTO;Non accertato;Inesploso
4619885;10;24/10/2019 16:30:00;Strada Urbana;PIAZZA QUINTO CURZIO;in prossimit�;;del civico n.;34;;Tamponamento;Rotatoria;Due carreggiate;Asciutto;Asfaltata;Assente;Nuvoloso;Normale;Buona;Ore Diurne;1;0;0;1;12.5683;41.8558;-1;2;Autovettura privata;In marcia / fermata / arresto;Conducente;M;Illeso;0;;Non accertato;Inesploso
4619887;1;23/10/2019 15:45:00;Strada Urbana;VIA DELLE QUATTRO FONTANE;in prossimit�;;del civico n.;114;;Veicolo in marcia contro ostacolo accidentale;Rettilineo;Una carreggiata a senso unico di marcia;Asciutto;Asfaltata;Verticale ed orizzontale;Sereno;Normale;Sufficiente;Ore Diurne;1;0;0;2;12.4924;41.901;-1;1;Autovettura pubblica;In marcia / fermata / arresto;Conducente;M;Illeso;0;;;
4619887;1;23/10/2019 15:45:00;Strada Urbana;VIA DELLE QUATTRO FONTANE;in prossimit�;;del civico n.;114;;Veicolo in marcia contro ostacolo accidentale;Rettilineo;Una carreggiata a senso unico di marcia;Asciutto;Asfaltata;Verticale ed orizzontale;Sereno;Normale;Sufficiente;Ore Diurne;1;0;0;2;12.4924;41.901;-1;1;Autovettura pubblica;In marcia / fermata / arresto;Passeggero;M;Illeso;0;;;
4619887;1;23/10/2019 15:45:00;Strada Urbana;VIA DELLE QUATTRO FONTANE;in prossimit�;;del civico n.;114;;Veicolo in marcia contro ostacolo accidentale;Rettilineo;Una carreggiata a senso unico di marcia;Asciutto;Asfaltata;Verticale ed orizzontale;Sereno;Normale;Sufficiente;Ore Diurne;1;0;0;2;12.4924;41.901;-1;2;Motociclo a solo;In marcia / fermata / arresto;Conducente;F;Rimandato;0;NON DECEDUTO;;
4619899;1;23/10/2019 12:55:00;Strada Urbana;VIA DEL TRAFORO;in prossimit�;;del civico n.;136;;Infortunio per sola frenata improvvisa;Rettilineo;Una carreggiata a doppio senso;Asciutto;Asfaltata;Verticale ed orizzontale;Sereno;Normale;Buona;Ore Diurne;1;0;0;0;12.4865;41.9022;-1;1;Motociclo a solo;In marcia / fermata / arresto;Conducente;M;Rimandato;0;NON DECEDUTO;;
4619938;7;24/10/2019 17:10:00;Strada Urbana;VIALE PALMIRO TOGLIATTI;in prossimit�;;del civico n.;276;;Tamponamento;Rettilineo;Due carreggiate;Asciutto;Asfaltata;Assente;Nuvoloso;Scarso;Buona;Ore Diurne;0;0;0;4;12.5679;41.8662;-1;1;Autovettura privata;In marcia / fermata / arresto;Conducente;F;Illeso;0;;Non accertato;Inesploso
4619938;7;24/10/2019 17:10:00;Strada Urbana;VIALE PALMIRO TOGLIATTI;in prossimit�;;del civico n.;276;;Tamponamento;Rettilineo;Due carreggiate;Asciutto;Asfaltata;Assente;Nuvoloso;Scarso;Buona;Ore Diurne;0;0;0;4;12.5679;41.8662;-1;2;Autovettura privata;In marcia / fermata / arresto;Conducente;M;Illeso;0;;Non accertato;Inesploso
4619938;7;24/10/2019 17:10:00;Strada Urbana;VIALE PALMIRO TOGLIATTI;in prossimit�;;del civico n.;276;;Tamponamento;Rettilineo;Due carreggiate;Asciutto;Asfaltata;Assente;Nuvoloso;Scarso;Buona;Ore Diurne;0;0;0;4;12.5679;41.8662;-1;2;Autovettura privata;In marcia / fermata / arresto;Passeggero;F;Illeso;0;;Non accertato;Inesploso
4619938;7;24/10/2019 17:10:00;Strada Urbana;VIALE PALMIRO TOGLIATTI;in prossimit�;;del civico n.;276;;Tamponamento;Rettilineo;Due carreggiate;Asciutto;Asfaltata;Assente;Nuvoloso;Scarso;Buona;Ore Diurne;0;0;0;4;12.5679;41.8662;-1;2;Autovettura privata;In marcia / fermata / arresto;Passeggero;M;Illeso;0;;Non accertato;Inesploso