Protocollo;Gruppo;DataOraIncidente;Localizzazione1;STRADA1;Localizzazione2;STRADA2;Strada02;Chilometrica;DaSpecificare;NaturaIncidente;particolaritastrade;TipoStrada;FondoStradale;Pavimentazione;Segnaletica;CondizioneAtmosferica;Traffico;Visibilita;Illuminazione;NUM_FERITI;NUM_RISERVATA;NUM_MORTI;NUM_ILLESI;Longitudine;Latitudine;Confermato;Progressivo;TipoVeicolo;StatoVeicolo;TipoPersona;Sesso;Tipolesione;Deceduto;DecedutoDopo;CinturaCascoUtilizzato;Airbag;
4629265;2;30/10/2019 08:35:00;Strada Urbana;VIA NOMENTANA;in corrispondenza;;del civico n.;347;;Scontro laterale fra veicoli in marcia;Rettilineo;Pi� di due carreggiate;Asciutto;Asfaltata;Orizzontale;Nuvoloso;Normale;Buona;Ore Diurne;1;0;0;1;12.5186;41.9222;-1;1;Motociclo a solo;In marcia / fermata / arresto;Conducente;F;Illeso;0;;;
4629265;2;30/10/2019 08:35:00;Strada Urbana;VIA NOMENTANA;in corrispondenza;;del civico n.;347;;Scontro laterale fra veicoli in marcia;Rettilineo;Pi� di due carreggiate;Asciutto;Asfaltata;Orizzontale;Nuvoloso;Normale;Buona;Ore Diurne;1;0;0;1;12.5186;41.9222;-1;2;Motociclo a solo;In marcia / fermata / arresto;Conducente;F;Rifiuta cure immediate;0;NON DECEDUTO;Non accertato;
4629266;12;29/10/2019 18:10:00;Strada Urbana;VIA ELIO CHIANESI;all'intersezione con;VIA SERGIO DE VITIS;VIA SERGIO DE VITIS;;;Scontro laterale fra veicoli in marcia;Intersezione semaforizzata;Una carreggiata a doppio senso;Asciutto;Asfaltata;Verticale ed orizzontale;Sereno;Normale;Sufficiente;Ore Diurne;1;0;0;1;12.4477;41.8012;-1;1;Motociclo a solo;In marcia / fermata / arresto;Conducente;M;Rimandato;0;NON DECEDUTO;Non accertato;
4629266;12;29/10/2019 18:10:00;Strada Urbana;VIA ELIO CHIANESI;all'intersezione con;VIA SERGIO DE VITIS;VIA SERGIO DE VITIS;;;Scontro laterale fra veicoli in marcia;Intersezione semaforizzata;Una carreggiata a doppio senso;Asciutto;Asfaltata;Verticale ed orizzontale;Sereno;Normale;Sufficiente;Ore Diurne;1;0;0;1;12.4477;41.8012;-1;2;Autovettura privata;In marcia / fermata / arresto;Conducente;M;Illeso;0;;Utilizzato;Inesploso
4629311;1;30/10/2019 01:20:00;Strada Urbana;VIA DELL'ARCO DI TRAVERTINO;all'intersezione semaforizzata con;VIA COLLEPARDO;VIA COLLEPARDO;;;Scontro laterale fra veicoli in marcia;Intersezione semaforizzata;Due carreggiate;Asciutto;Asfaltata;Verticale ed orizzontale;Sereno;Scarso;Sufficiente;Sufficiente;2;0;0;1;12.536;41.8675;-1;1;Autovettura privata;In marcia / fermata / arresto;Conducente;M;Illeso;0;;Non accertato;Inesploso
4629311;1;30/10/2019 01:20:00;Strada Urbana;VIA DELL'ARCO DI TRAVERTINO;all'intersezione semaforizzata con;VIA COLLEPARDO;VIA COLLEPARDO;;;Scontro laterale fra veicoli in marcia;Intersezione semaforizzata;Due carreggiate;Asciutto;Asfaltata;Verticale ed orizzontale;Sereno;Scarso;Sufficiente;Sufficiente;2;0;0;1;12.536;41.8675;-1;2;Autovettura di polizia;In marcia / fermata / arresto;Conducente;M;Rimandato;0;NON DECEDUTO;;
4629311;1;30/10/2019 01:20:00;Strada Urbana;VIA DELL'ARCO DI TRAVERTINO;all'intersezione semaforizzata con;VIA COLLEPARDO;VIA COLLEPARDO;;;Scontro laterale fra veicoli in marcia;Intersezione semaforizzata;Due carreggiate;Asciutto;Asfaltata;Verticale ed orizzontale;Sereno;Scarso;Sufficiente;Sufficiente;2;0;0;1;12.536;41.8675;-1;2;Autovettura di polizia;In marcia / fermata / arresto;Passeggero;M;Rimandato;0;NON DECEDUTO;;
4629385;1;29/10/2019 21:00:00;Strada Urbana;VIA LUIGI SANTINI;in corrispondenza;;del civico n.;1a;;Veicolo in marcia contro veicolo in sosta;Rettilineo;Una carreggiata a senso unico di marcia;Asciutto;In cubetti di porfido;Verticale ed orizzontale;Sereno;Scarso;Buona;Sufficiente;0;0;0;1;12.4688;41.887;-1;1;Quadriciclo leggero;Sosta;;;;;;;
4629385;1;29/10/2019 21:00:00;Strada Urbana;VIA LUIGI SANTINI;in corrispondenza;;del civico n.;1a;;Veicolo in marcia contro veicolo in sosta;Rettilineo;Una carreggiata a senso unico di marcia;Asciutto;In cubetti di porfido;Verticale ed orizzontale;Sereno;Scarso;Buona;Sufficiente;0;0;0;1;12.4688;41.887;-1;2;Autovettura privata;In marcia / fermata / arresto;Conducente;M;Illeso;0;;Non accertato;Inesploso
4629454;1;29/10/2019 17:40:00;Strada Urbana;VIA MERULANA;in corrispondenza;;del civico n.;24;;Investimento di pedone;Rettilineo;Una carreggiata a doppio senso;Asciutto;Asfaltata;Verticale ed orizzontale;Sereno;Normale;Buona;Sufficiente;1;0;0;1;12.4997;41.896;-1;;;;Pedone;F;Rimandato;0;NON DECEDUTO;;
4629454;1;29/10/2019 17:40:00;Strada Urbana;VIA MERULANA;in corrispondenza;;del civico n.;24;;Investimento di pedone;Rettilineo;Una carreggiata a doppio senso;Asciutto;Asfaltata;Verticale ed orizzontale;Sereno;Normale;Buona;Sufficiente;1;0;0;1;12.4997;41.896;-1;1;Autovettura privata;In marcia / fermata / arresto;Conducente;M;Illeso;0;;Non accertato;Inesploso
4629463;2;29/10/2019 08:40:00;Strada Urbana;VIALE BRUNO BUOZZI;all'intersezione con;PIAZZALE DON GIOVANNI MINZONI;PIAZZALE DON GIOVANNI MINZONI;;;Scontro frontale/laterale DX fra veicoli in marcia;Rotatoria;Una carreggiata a senso unico di marcia;Asciutto;Asfaltata;Verticale ed orizzontale;Sereno;Normale;Buona;Ore Diurne;0;0;0;2;12.4817;41.9214;-1;1;Motociclo a solo;In marcia / fermata / arresto;Conducente;M;Illeso;0;;Non accertato;
4629463;2;29/10/2019 08:40:00;Strada Urbana;VIALE BRUNO BUOZZI;all'intersezione con;PIAZZALE DON GIOVANNI MINZONI;PIAZZALE DON GIOVANNI MINZONI;;;Scontro frontale/laterale DX fra veicoli in marcia;Rotatoria;Una carreggiata a senso unico di marcia;Asciutto;Asfaltata;Verticale ed orizzontale;Sereno;Normale;Buona;Ore Diurne;0;0;0;2;12.4817;41.9214;-1;2;Autovettura privata;In marcia / fermata / arresto;Conducente;M;Illeso;0;;Non accertato;Inesploso
4629466;2;29/10/2019 10:10:00;Strada Urbana;VIA DEL FORO ITALICO;in prossimit�;;del civico n.;491;;Tamponamento;Rettilineo;Due carreggiate;Asciutto;Asfaltata;Verticale ed orizzontale;Sereno;Normale;Buona;Ore Diurne;1;0;0;1;12.4932;41.9397;-1;1;Autocarro inferiore 35 q.;In marcia / fermata / arresto;Conducente;M;Illeso;0;;;
4629466;2;29/10/2019 10:10:00;Strada Urbana;VIA DEL FORO ITALICO;in prossimit�;;del civico n.;491;;Tamponamento;Rettilineo;Due carreggiate;Asciutto;Asfaltata;Verticale ed orizzontale;Sereno;Normale;Buona;Ore Diurne;1;0;0;1;12.4932;41.9397;-1;2;Motociclo a solo;In marcia / fermata / arresto;Conducente;M;Rimandato;0;NON DECEDUTO;;
4629470;2;29/10/2019 18:30:00;Strada Urbana;VIA PANARO;all'intersezione con;PIAZZA VOLSINIO;PIAZZA VOLSINIO;;;Scontro frontale/laterale SX fra veicoli in marcia;Incrocio;Una carreggiata a senso unico di marcia;Asciutto;Asfaltata;Verticale ed orizzontale;Sereno;Scarso;Buona;Ore Diurne;0;0;0;2;12.5108;41.9244;-1;1;Autovettura privata;In marcia / fermata / arresto;Conducente;F;Illeso;0;;Non accertato;Inesploso
4629470;2;29/10/2019 18:30:00;Strada Urbana;VIA PANARO;all'intersezione con;PIAZZA VOLSINIO;PIAZZA VOLSINIO;;;Scontro frontale/laterale SX fra veicoli in marcia;Incrocio;Una carreggiata a senso unico di marcia;Asciutto;Asfaltata;Verticale ed orizzontale;Sereno;Scarso;Buona;Ore Diurne;0;0;0;2;12.5108;41.9244;-1;2;Autovettura privata;In marcia / fermata / arresto;Conducente;M;Illeso;0;;Non accertato;Inesploso
4629471;2;29/10/2019 19:00:00;Strada Urbana;VIA SALARIA;all'intersezione con;VIA BRUXELLES;VIA BRUXELLES;;;Scontro frontale/laterale SX fra veicoli in marcia;Incrocio;Due carreggiate;Asciutto;Asfaltata;Verticale ed orizzontale;Sereno;Intenso;Buona;Sufficiente;0;0;0;3;12.5015;41.9224;-1;1;Autovettura privata;In marcia / fermata / arresto;Conducente;F;Illeso;0;;;
4629471;2;29/10/2019 19:00:00;Strada Urbana;VIA SALARIA;all'intersezione con;VIA BRUXELLES;VIA BRUXELLES;;;Scontro frontale/laterale SX fra veicoli in marcia;Incrocio;Due carreggiate;Asciutto;Asfaltata;Verticale ed orizzontale;Sereno;Intenso;Buona;Sufficiente;0;0;0;3;12.5015;41.9224;-1;2;Autovettura privata;In marcia / fermata / arresto;Conducente;F;Illeso;0;;;
4629471;2;29/10/2019 19:00:00;Strada Urbana;VIA SALARIA;all'intersezione con;VIA BRUXELLES;VIA BRUXELLES;;;Scontro frontale/laterale SX fra veicoli in marcia;Incrocio;Due carreggiate;Asciutto;Asfaltata;Verticale ed orizzontale;Sereno;Intenso;Buona;Sufficiente;0;0;0;3;12.5015;41.9224;-1;2;Autovettura privata;In marcia / fermata / arresto;Passeggero;M;Illeso;0;;;
4629484;7;30/10/2019 10:00:00;Strada Urbana;VIA PRENESTINA BIS;all'intersezione con;VIA MARISA BELLISARIO;VIA MARISA BELLISARIO;;;Scontro frontale/laterale SX fra veicoli in marcia;Rotatoria;Una carreggiata a senso unico di marcia;Asciutto;Asfaltata;Assente;Sereno;Normale;Buona;Sufficiente;1;0;0;2;12.6042;41.8931;-1;1;Velocipede;In marcia / fermata / arresto;Conducente;M;Ricoverato;0;NON DECEDUTO;Esente;
4629484;7;30/10/2019 10:00:00;Strada Urbana;VIA PRENESTINA BIS;all'intersezione con;VIA MARISA BELLISARIO;VIA MARISA BELLISARIO;;;Scontro frontale/laterale SX fra veicoli in marcia;Rotatoria;Una carreggiata a senso unico di marcia;Asciutto;Asfaltata;Assente;Sereno;Normale;Buona;Sufficiente;1;0;0;2;12.6042;41.8931;-1;2;Autovettura privata;In marcia / fermata / arresto;Conducente;M;Illeso;0;;Non accertato;Inesploso
4629484;7;30/10/2019 10:00:00;Strada Urbana;VIA PRENESTINA BIS;all'intersezione con;VIA MARISA BELLISARIO;VIA MARISA BELLISARIO;;;Scontro frontale/laterale SX fra veicoli in marcia;Rotatoria;Una carreggiata a senso unico di marcia;Asciutto;Asfaltata;Assente;Sereno;Normale;Buona;Sufficiente;1;0;0;2;12.6042;41.8931;-1;3;Autovettura privata;In marcia / fermata / arresto;Conducente;M;Illeso;0;;;
4629508;1;30/10/2019 07:30:00;Strada Urbana;LUNGOTEVERE IN AUGUSTA;all'intersezione semaforizzata con;VIA FERDINANDO DI SAVOIA;VIA FERDINANDO DI SAVOIA;;;Scontro laterale fra veicoli in marcia;Intersezione semaforizzata;Una carreggiata a senso unico di marcia;Asciutto;Asfaltata;Verticale ed orizzontale;Nuvoloso;Intenso;Buona;Ore Diurne;0;0;0;3;12.4748;41.9076;-1;1;Autovettura privata;In marcia / fermata / arresto;Conducente;F;Illeso;0;;;
4629508;1;30/10/2019 07:30:00;Strada Urbana;LUNGOTEVERE IN AUGUSTA;all'intersezione semaforizzata con;VIA FERDINANDO DI SAVOIA;VIA FERDINANDO DI SAVOIA;;;Scontro laterale fra veicoli in marcia;Intersezione semaforizzata;Una carreggiata a senso unico di marcia;Asciutto;Asfaltata;Verticale ed orizzontale;Nuvoloso;Intenso;Buona;Ore Diurne;0;0;0;3;12.4748;41.9076;-1;1;Autovettura privata;In marcia / fermata / arresto;Passeggero;F;Illeso;0;;;
4629508;1;30/10/2019 07:30:00;Strada Urbana;LUNGOTEVERE IN AUGUSTA;all'intersezione semaforizzata con;VIA FERDINANDO DI SAVOIA;VIA FERDINANDO DI SAVOIA;;;Scontro laterale fra veicoli in marcia;Intersezione semaforizzata;Una carreggiata a senso unico di marcia;Asciutto;Asfaltata;Verticale ed orizzontale;Nuvoloso;Intenso;Buona;Ore Diurne;0;0;0;3;12.4748;41.9076;-1;2;Autocarro superiore 35 q.;In marcia / fermata / arresto;Conducente;M;Illeso;0;;;
4629539;13;30/10/2019 10:30:00;Strada Urbana;VIA CRISTOFORO COLOMBO;in corrispondenza;;della chilometrica;17.1;;Veicolo in marcia contro ostacolo fisso;Rettilineo;Due carreggiate;Asciutto;Asfaltata;Verticale ed orizzontale;Nuvoloso;Normale;Buona;Ore Diurne;1;0;0;0;12.4536;41.8089;-1;1;Autovettura privata;In marcia / fermata / arresto;Conducente;F;Rimandato;0;NON DECEDUTO;Non accertato;Inesploso
4629575;13;29/10/2019 22:45:00;Strada Urbana;VIA CESARE LAURENTI;all'intersezione con;VIA CAPO PALINURO;VIA CAPO PALINURO;;;Scontro laterale fra veicoli in marcia;Incrocio;Due carreggiate;Asciutto;Asfaltata;Orizzontale;Sereno;Scarso;Buona;Sufficiente;0;0;0;3;12.2865;41.7359;-1;1;Autovettura privata;In marcia / fermata / arresto;Conducente;M;Illeso;0;;Non accertato;Inesploso
4629575;13;29/10/2019 22:45:00;Strada Urbana;VIA CESARE LAURENTI;all'intersezione con;VIA CAPO PALINURO;VIA CAPO PALINURO;;;Scontro laterale fra veicoli in marcia;Incrocio;Due carreggiate;Asciutto;Asfaltata;Orizzontale;Sereno;Scarso;Buona;Sufficiente;0;0;0;3;12.2865;41.7359;-1;2;Autovettura privata;In marcia / fermata / arresto;Conducente;F;Illeso;0;;Non accertato;Inesploso
4629575;13;29/10/2019 22:45:00;Strada Urbana;VIA CESARE LAURENTI;all'intersezione con;VIA CAPO PALINURO;VIA CAPO PALINURO;;;Scontro laterale fra veicoli in marcia;Incrocio;Due carreggiate;Asciutto;Asfaltata;Orizzontale;Sereno;Scarso;Buona;Sufficiente;0;0;0;3;12.2865;41.7359;-1;2;Autovettura privata;In marcia / fermata / arresto;Passeggero;M;Illeso;0;;Non accertato;Inesploso
4629587;6;30/10/2019 10:50:00;Strada Urbana;VIA DI TOR PIGNATTARA;in corrispondenza;;del civico n.;162;;Investimento di pedone;Rettilineo;Una carreggiata a doppio senso;Asciutto;Asfaltata;Orizzontale;Sereno;Normale;Buona;Ore Diurne;1;0;0;1;12.5414;41.8757;-1;;;;Pedone;M;Rimandato;0;NON DECEDUTO;;
4629587;6;30/10/2019 10:50:00;Strada Urbana;VIA DI TOR PIGNATTARA;in corrispondenza;;del civico n.;162;;Investimento di pedone;Rettilineo;Una carreggiata a doppio senso;Asciutto;Asfaltata;Orizzontale;Sereno;Normale;Buona;Ore Diurne;1;0;0;1;12.5414;41.8757;-1;1;Autovettura privata;In marcia / fermata / arresto;Conducente;M;Illeso;0;;Non accertato;Inesploso
4629646;6;30/10/2019 11:05:00;Strada Urbana;VIA DI TOR PIGNATTARA;in corrispondenza;;del civico n.;138a;;Scontro frontale/laterale SX fra veicoli in marcia;Rettilineo;Una carreggiata a doppio senso;Asciutto;Asfaltata;Orizzontale;Sereno;Normale;Buona;Ore Diurne;1;0;0;1;12.5415;41.8766;-1;1;Autovettura privata;In marcia / fermata / arresto;Conducente;M;Illeso;0;;Non accertato;Inesploso
4629646;6;30/10/2019 11:05:00;Strada Urbana;VIA DI TOR PIGNATTARA;in corrispondenza;;del civico n.;138a;;Scontro frontale/laterale SX fra veicoli in marcia;Rettilineo;Una carreggiata a doppio senso;Asciutto;Asfaltata;Orizzontale;Sereno;Normale;Buona;Ore Diurne;1;0;0;1;12.5415;41.8766;-1;2;Motociclo a solo;In marcia / fermata / arresto;Conducente;M;Rifiuta cure immediate;0;NON DECEDUTO;Non accertato;
4629648;13;25/10/2019 22:30:00;Strada Urbana;VIA CRISTOFORO COLOMBO;da specificare;;;;altezza Parchi della Colombo;Scontro laterale fra veicoli in marcia;Rettilineo;Una carreggiata a senso unico di marcia;Bagnato (pioggia);Strada pavimentata dissestata;Assente;Sereno;Intenso;Buona;Ore Diurne;0;0;0;3;12.4536;41.8089;-1;1;Autovettura privata;In marcia / fermata / arresto;Conducente;F;Illeso;0;;Non accertato;
4629648;13;25/10/2019 22:30:00;Strada Urbana;VIA CRISTOFORO COLOMBO;da specificare;;;;altezza Parchi della Colombo;Scontro laterale fra veicoli in marcia;Rettilineo;Una carreggiata a senso unico di marcia;Bagnato (pioggia);Strada pavimentata dissestata;Assente;Sereno;Intenso;Buona;Ore Diurne;0;0;0;3;12.4536;41.8089;-1;1;Autovettura privata;In marcia / fermata / arresto;Passeggero;M;Illeso;0;;Non accertato;
4629648;13;25/10/2019 22:30:00;Strada Urbana;VIA CRISTOFORO COLOMBO;da specificare;;;;altezza Parchi della Colombo;Scontro laterale fra veicoli in marcia;Rettilineo;Una carreggiata a senso unico di marcia;Bagnato (pioggia);Strada pavimentata dissestata;Assente;Sereno;Intenso;Buona;Ore Diurne;0;0;0;3;12.4536;41.8089;-1;2;Autovettura privata;In marcia / fermata / arresto;Conducente;F;Illeso;0;;Non accertato;Inesploso
4629687;20;30/10/2019 11:40:00;Regionale entro l'abitato;VIA CASSIA;in prossimit�;;del civico n.;1280;;Scontro frontale fra veicoli in marcia;Rettilineo;Una carreggiata a doppio senso;Asciutto;Asfaltata;Verticale ed orizzontale;Nuvoloso;Normale;Buona;Ore Diurne;1;0;0;2;12.4101;41.9839;-1;1;Autovettura privata;In marcia / fermata / arresto;Conducente;M;Illeso;0;;Non accertato;Inesploso
4629687;20;30/10/2019 11:40:00;Regionale entro l'abitato;VIA CASSIA;in prossimit�;;del civico n.;1280;;Scontro frontale fra veicoli in marcia;Rettilineo;Una carreggiata a doppio senso;Asciutto;Asfaltata;Verticale ed orizzontale;Nuvoloso;Normale;Buona;Ore Diurne;1;0;0;2;12.4101;41.9839;-1;2;Motociclo a solo;In marcia / fermata / arresto;Conducente;M;Ricoverato;0;NON DECEDUTO;Non accertato;
4629687;20;30/10/2019 11:40:00;Regionale entro l'abitato;VIA CASSIA;in prossimit�;;del civico n.;1280;;Scontro frontale fra veicoli in marcia;Rettilineo;Una carreggiata a doppio senso;Asciutto;Asfaltata;Verticale ed orizzontale;Nuvoloso;Normale;Buona;Ore Diurne;1;0;0;2;12.4101;41.9839;-1;3;Autovettura privata;In marcia / fermata / arresto;Conducente;F;Illeso;0;;Non accertato;Inesploso
4629696;18;30/10/2019 07:30:00;Statale;VIA AURELIA;in prossimit�;;della chilometrica;12.5;;Tamponamento;Rettilineo;Due carreggiate;Asciutto;Asfaltata;Verticale ed orizzontale;Nuvoloso;Intenso;Buona;Ore Diurne;0;0;0;2;12.361;41.8843;-1;1;Autocarro superiore 35 q.;In marcia / fermata / arresto;Conducente;M;Illeso;0;;;
4629696;18;30/10/2019 07:30:00;Statale;VIA AURELIA;in prossimit�;;della chilometrica;12.5;;Tamponamento;Rettilineo;Due carreggiate;Asciutto;Asfaltata;Verticale ed orizzontale;Nuvoloso;Intenso;Buona;Ore Diurne;0;0;0;2;12.361;41.8843;-1;2;Autovettura privata;In marcia / fermata / arresto;Conducente;F;Illeso;0;;;
4629753;18;30/10/2019 07:30:00;Statale;VIA DI CASTEL DI GUIDO;da specificare;;;;rampa di immissione via Aurelia direz. Roma/centro;Veicolo in marcia contro ostacolo accidentale;Curva senza visuale libera;Una carreggiata a doppio senso;Viscido da liquidi oleosi;Asfaltata;Verticale ed orizzontale;Nuvoloso;Scarso;Buona;Ore Diurne;1;0;0;0;12.2869;41.8959;-1;1;Motociclo a solo;In marcia / fermata / arresto;Conducente;M;Rifiuta cure immediate;0;NON DECEDUTO;Non accertato;
4629759;1;30/10/2019 07:50:00;Strada Urbana;LUNGOTEVERE TESTACCIO;all'intersezione semaforizzata con;VIA RUBATTINO;VIA RUBATTINO;;;Investimento di pedone;Intersezione semaforizzata;Una carreggiata a doppio senso;Asciutto;Asfaltata;Verticale ed orizzontale;Nuvoloso;Normale;Buona;Ore Diurne;2;0;0;0;12.4707;41.8777;-1;;;;Pedone;M;Rimandato;0;NON DECEDUTO;;
4629759;1;30/10/2019 07:50:00;Strada Urbana;LUNGOTEVERE TESTACCIO;all'intersezione semaforizzata con;VIA RUBATTINO;VIA RUBATTINO;;;Investimento di pedone;Intersezione semaforizzata;Una carreggiata a doppio senso;Asciutto;Asfaltata;Verticale ed orizzontale;Nuvoloso;Normale;Buona;Ore Diurne;2;0;0;0;12.4707;41.8777;-1;1;Motociclo a solo;In marcia / fermata / arresto;Conducente;M;Rimandato;0;NON DECEDUTO;Non accertato;
4629927;17;30/10/2019 10:20:00;Strada Urbana;VIA GIOVANNI PIERLUIGI DA PALESTRINA;all'intersezione con;VIA MARIANNA DIONIGI;VIA MARIANNA DIONIGI;;;Scontro laterale fra veicoli in marcia;Intersezione stradale segnalata;Una carreggiata a senso unico di marcia;Asciutto;Asfaltata;Verticale ed orizzontale;Sereno;Normale;Buona;Ore Diurne;0;0;0;2;12.4714;41.9066;-1;1;Autovettura privata;In marcia / fermata / arresto;Conducente;M;Illeso;0;;;
4629927;17;30/10/2019 10:20:00;Strada Urbana;VIA GIOVANNI PIERLUIGI DA PALESTRINA;all'intersezione con;VIA MARIANNA DIONIGI;VIA MARIANNA DIONIGI;;;Scontro laterale fra veicoli in marcia;Intersezione stradale segnalata;Una carreggiata a senso unico di marcia;Asciutto;Asfaltata;Verticale ed orizzontale;Sereno;Normale;Buona;Ore Diurne;0;0;0;2;12.4714;41.9066;-1;2;Autovettura privata;In marcia / fermata / arresto;Conducente;M;Illeso;0;;;
4629934;6;30/10/2019 13:50:00;Strada Urbana;VIA DEGLI ANGELI;all'intersezione con;VIA FAUSTO PESCI;VIA FAUSTO PESCI;;;Scontro laterale fra veicoli in marcia;Incrocio;Due carreggiate;Asciutto;Asfaltata;Orizzontale;Sereno;Normale;Buona;Ore Diurne;1;0;0;2;12.5415;41.874;-1;1;Motociclo a solo;In marcia / fermata / arresto;Conducente;M;Rimandato;0;NON DECEDUTO;Non accertato;
4629934;6;30/10/2019 13:50:00;Strada Urbana;VIA DEGLI ANGELI;all'intersezione con;VIA FAUSTO PESCI;VIA FAUSTO PESCI;;;Scontro laterale fra veicoli in marcia;Incrocio;Due carreggiate;Asciutto;Asfaltata;Orizzontale;Sereno;Normale;Buona;Ore Diurne;1;0;0;2;12.5415;41.874;-1;2;Autovettura privata;In marcia / fermata / arresto;Conducente;F;Illeso;0;;Non utilizzato;Inesploso
4629934;6;30/10/2019 13:50:00;Strada Urbana;VIA DEGLI ANGELI;all'intersezione con;VIA FAUSTO PESCI;VIA FAUSTO PESCI;;;Scontro laterale fra veicoli in marcia;Incrocio;Due carreggiate;Asciutto;Asfaltata;Orizzontale;Sereno;Normale;Buona;Ore Diurne;1;0;0;2;12.5415;41.874;-1;2;Autovettura privata;In marcia / fermata / arresto;Passeggero;M;Illeso;0;;Non accertato;Inesploso
4629966;15;30/10/2019 11:10:00;Strada Urbana;VIA DELLA MAGLIANA;da specificare;;;;prossimit� palo ACEA n.285 (Fermata ATAC Magliana/;Tamponamento;Rettilineo;Una carreggiata a doppio senso;Asciutto;Asfaltata;Verticale;Sereno;Scarso;Buona;Ore Diurne;0;0;0;2;12.4196;41.8317;-1;1;Autobus di linea;In marcia / fermata / arresto;Conducente;M;Illeso;0;;;
4629966;15;30/10/2019 11:10:00;Strada Urbana;VIA DELLA MAGLIANA;da specificare;;;;prossimit� palo ACEA n.285 (Fermata ATAC Magliana/;Tamponamento;Rettilineo;Una carreggiata a doppio senso;Asciutto;Asfaltata;Verticale;Sereno;Scarso;Buona;Ore Diurne;0;0;0;2;12.4196;41.8317;-1;2;Autovettura privata;In marcia / fermata / arresto;Conducente;M;Illeso;0;;;
4630026;12;29/10/2019 16:00:00;Strada Urbana;VIA LAURENTINA;da specificare;;;;prox Via degli Artificieri ;Scontro laterale fra veicoli in marcia;Rettilineo;Due carreggiate;Asciutto;Asfaltata;Verticale ed orizzontale;Sereno;Normale;Buona;Ore Diurne;0;0;0;2;12.4852;41.8101;-1;1;Autocarro superiore 35 q.;In marcia / fermata / arresto;Conducente;M;Illeso;0;;;
4630026;12;29/10/2019 16:00:00;Strada Urbana;VIA LAURENTINA;da specificare;;;;prox Via degli Artificieri ;Scontro laterale fra veicoli in marcia;Rettilineo;Due carreggiate;Asciutto;Asfaltata;Verticale ed orizzontale;Sereno;Normale;Buona;Ore Diurne;0;0;0;2;12.4852;41.8101;-1;2;Autovettura privata;In marcia / fermata / arresto;Conducente;F;Illeso;0;;;Esploso
4630046;12;29/10/2019 09:45:00;Strada Urbana;VIALE DELL'UMANESIMO;all'intersezione con;VIALE OCEANO ATLANTICO ;VIALE OCEANO ATLANTICO ;;;Scontro frontale/laterale SX fra veicoli in marcia;Incrocio;Una carreggiata a doppio senso;Asciutto;Asfaltata;Verticale ed orizzontale;Sereno;Normale;Buona;Ore Diurne;0;0;0;2;12.4788;41.8208;-1;1;Autovettura di soccorso;In marcia / fermata / arresto;Conducente;F;Illeso;0;;Non accertato;
4630046;12;29/10/2019 09:45:00;Strada Urbana;VIALE DELL'UMANESIMO;all'intersezione con;VIALE OCEANO ATLANTICO ;VIALE OCEANO ATLANTICO ;;;Scontro frontale/laterale SX fra veicoli in marcia;Incrocio;Una carreggiata a doppio senso;Asciutto;Asfaltata;Verticale ed orizzontale;Sereno;Normale;Buona;Ore Diurne;0;0;0;2;12.4788;41.8208;-1;2;Autovettura privata;In marcia / fermata / arresto;Conducente;F;Illeso;0;;Non accertato;
4630072;9;30/10/2019 14:00:00;Strada Urbana;VIA TUSCOLANA;in prossimit�;;del civico n.;206;;Veicolo in marcia contro veicolo in sosta;Rettilineo;Una carreggiata a doppio senso;Asciutto;Asfaltata;Verticale ed orizzontale;Sereno;Scarso;Buona;Ore Diurne;0;0;0;1;12.5215;41.8795;-1;1;Autovettura privata;Sosta;;;;;;;
4630072;9;30/10/2019 14:00:00;Strada Urbana;VIA TUSCOLANA;in prossimit�;;del civico n.;206;;Veicolo in marcia contro veicolo in sosta;Rettilineo;Una carreggiata a doppio senso;Asciutto;Asfaltata;Verticale ed orizzontale;Sereno;Scarso;Buona;Ore Diurne;0;0;0;1;12.5215;41.8795;-1;2;Motociclo a solo;In marcia / fermata / arresto;Conducente;F;Illeso;0;;Non accertato;
4630083;13;30/10/2019 14:25:00;Strada Urbana;VIALE PAOLO ORLANDO;in corrispondenza;;del civico n.;25;;Scontro laterale fra veicoli in marcia;Rettilineo;Una carreggiata a senso unico di marcia;Asciutto;Asfaltata;Assente;Sereno;Normale;Buona;Ore Diurne;0;0;0;2;12.2848;41.7315;-1;1;Autovettura privata;In marcia / fermata / arresto;Conducente;M;Illeso;0;;Non accertato;Inesploso
4630083;13;30/10/2019 14:25:00;Strada Urbana;VIALE PAOLO ORLANDO;in corrispondenza;;del civico n.;25;;Scontro laterale fra veicoli in marcia;Rettilineo;Una carreggiata a senso unico di marcia;Asciutto;Asfaltata;Assente;Sereno;Normale;Buona;Ore Diurne;0;0;0;2;12.2848;41.7315;-1;2;Autovettura privata;In marcia / fermata / arresto;Conducente;M;Illeso;0;;Non accertato;Inesploso