Protocollo;Gruppo;DataOraIncidente;Localizzazione1;STRADA1;Localizzazione2;STRADA2;Strada02;Chilometrica;DaSpecificare;NaturaIncidente;particolaritastrade;TipoStrada;FondoStradale;Pavimentazione;Segnaletica;CondizioneAtmosferica;Traffico;Visibilita;Illuminazione;NUM_FERITI;NUM_RISERVATA;NUM_MORTI;NUM_ILLESI;Longitudine;Latitudine;Confermato;Progressivo;TipoVeicolo;StatoVeicolo;TipoPersona;Sesso;Tipolesione;Deceduto;DecedutoDopo;CinturaCascoUtilizzato;Airbag;
4630962;4;30/10/2019 15:30:00;Strada Urbana;VIA CIMONE;all'intersezione con;VIA PASSO DEL FURLO;VIA PASSO DEL FURLO;;;Scontro frontale fra veicoli in marcia;Incrocio;Una carreggiata a senso unico alternato;Asciutto;Asfaltata;Verticale ed orizzontale;Sereno;Normale;Buona;Ore Diurne;0;0;0;5;12.5372;41.9332;-1;1;Autovettura privata;In marcia / fermata / arresto;Passeggero;F;Illeso;0;;Non accertato;Inesploso
4630962;4;30/10/2019 15:30:00;Strada Urbana;VIA CIMONE;all'intersezione con;VIA PASSO DEL FURLO;VIA PASSO DEL FURLO;;;Scontro frontale fra veicoli in marcia;Incrocio;Una carreggiata a senso unico alternato;Asciutto;Asfaltata;Verticale ed orizzontale;Sereno;Normale;Buona;Ore Diurne;0;0;0;5;12.5372;41.9332;-1;2;Autovettura privata;In marcia / fermata / arresto;Conducente;F;Illeso;0;;Non accertato;Inesploso
4630962;4;30/10/2019 15:30:00;Strada Urbana;VIA CIMONE;all'intersezione con;VIA PASSO DEL FURLO;VIA PASSO DEL FURLO;;;Scontro frontale fra veicoli in marcia;Incrocio;Una carreggiata a senso unico alternato;Asciutto;Asfaltata;Verticale ed orizzontale;Sereno;Normale;Buona;Ore Diurne;0;0;0;5;12.5372;41.9332;-1;2;Autovettura privata;In marcia / fermata / arresto;Passeggero;M;Illeso;0;;Non accertato;Inesploso
4630962;4;30/10/2019 15:30:00;Strada Urbana;VIA CIMONE;all'intersezione con;VIA PASSO DEL FURLO;VIA PASSO DEL FURLO;;;Scontro frontale fra veicoli in marcia;Incrocio;Una carreggiata a senso unico alternato;Asciutto;Asfaltata;Verticale ed orizzontale;Sereno;Normale;Buona;Ore Diurne;0;0;0;5;12.5372;41.9332;-1;2;Autovettura privata;In marcia / fermata / arresto;Passeggero;M;Illeso;0;;;
4630963;18;30/10/2019 13:40:00;Strada Urbana;VIA GREGORIO VII;da specificare;;;;altezza via San Silverio;Veicolo in marcia contro veicolo in sosta;Pendenza;Pi� di due carreggiate;Asciutto;Asfaltata;Verticale ed orizzontale;Sereno;Normale;Buona;Ore Diurne;0;0;0;1;12.4487;41.8955;-1;1;Autovettura privata;In marcia / fermata / arresto;Conducente;F;Illeso;0;;Non accertato;Inesploso
4630963;18;30/10/2019 13:40:00;Strada Urbana;VIA GREGORIO VII;da specificare;;;;altezza via San Silverio;Veicolo in marcia contro veicolo in sosta;Pendenza;Pi� di due carreggiate;Asciutto;Asfaltata;Verticale ed orizzontale;Sereno;Normale;Buona;Ore Diurne;0;0;0;1;12.4487;41.8955;-1;2;Autocarro inferiore 35 q.;Sosta;;;;;;;
4631036;7;30/10/2019 10:48:00;Strada Urbana;VIA DEI GLICINI;in corrispondenza;;del civico n.;95;;Veicolo in marcia contro veicolo in sosta;Rettilineo;Una carreggiata a senso unico di marcia;Asciutto;Asfaltata;Orizzontale;Sereno;Normale;Buona;Ore Diurne;0;0;0;1;12.5674;41.8796;0;1;Autovettura privata;Sosta;;;;;;;
4631036;7;30/10/2019 10:48:00;Strada Urbana;VIA DEI GLICINI;in corrispondenza;;del civico n.;95;;Veicolo in marcia contro veicolo in sosta;Rettilineo;Una carreggiata a senso unico di marcia;Asciutto;Asfaltata;Orizzontale;Sereno;Normale;Buona;Ore Diurne;0;0;0;1;12.5674;41.8796;0;2;Autovettura privata;Allontanatosi;Conducente;M;Illeso;0;;Non accertato;Inesploso
4631043;10;30/10/2019 15:20:00;Strada Urbana;VIA DEI FULVI;in corrispondenza;;del civico n.;8;;Tamponamento;Rettilineo;Una carreggiata a senso unico di marcia;Asciutto;Asfaltata;Verticale ed orizzontale;Sereno;Normale;Buona;Ore Diurne;0;0;0;2;12.5477;41.8634;-1;1;Autovettura privata;In marcia / fermata / arresto;Conducente;M;Illeso;0;;Non accertato;Inesploso
4631043;10;30/10/2019 15:20:00;Strada Urbana;VIA DEI FULVI;in corrispondenza;;del civico n.;8;;Tamponamento;Rettilineo;Una carreggiata a senso unico di marcia;Asciutto;Asfaltata;Verticale ed orizzontale;Sereno;Normale;Buona;Ore Diurne;0;0;0;2;12.5477;41.8634;-1;2;Motociclo a solo;In marcia / fermata / arresto;Conducente;M;Illeso;0;;Non accertato;
4631057;7;30/10/2019 19:50:00;Strada Urbana;VIALE PALMIRO TOGLIATTI;in corrispondenza;;del civico n.;738;;Scontro laterale fra veicoli in marcia;Rettilineo;Due carreggiate;Bagnato (pioggia);Asfaltata;Orizzontale;Pioggia in atto;Normale;Sufficiente;Insufficiente;1;0;0;1;12.5737;41.8825;-1;1;Autovettura privata;In marcia / fermata / arresto;Conducente;M;Illeso;0;;Non accertato;Inesploso
4631057;7;30/10/2019 19:50:00;Strada Urbana;VIALE PALMIRO TOGLIATTI;in corrispondenza;;del civico n.;738;;Scontro laterale fra veicoli in marcia;Rettilineo;Due carreggiate;Bagnato (pioggia);Asfaltata;Orizzontale;Pioggia in atto;Normale;Sufficiente;Insufficiente;1;0;0;1;12.5737;41.8825;-1;2;Motociclo a solo;In marcia / fermata / arresto;Conducente;M;Rimandato;0;NON DECEDUTO;Non accertato;
4631058;18;30/10/2019 20:30:00;Strada Urbana;VIA GREGORIO VII;in corrispondenza;;del civico n.;75;;Scontro laterale fra veicoli in marcia;Rettilineo;Pi� di due carreggiate;Bagnato (umidit� in atto);Asfaltata;Verticale ed orizzontale;Nuvoloso;Normale;Sufficiente;Sufficiente;1;0;0;1;12.4505;41.8972;-1;1;Autovettura privata;In marcia / fermata / arresto;Conducente;M;Rimandato;0;NON DECEDUTO;;
4631058;18;30/10/2019 20:30:00;Strada Urbana;VIA GREGORIO VII;in corrispondenza;;del civico n.;75;;Scontro laterale fra veicoli in marcia;Rettilineo;Pi� di due carreggiate;Bagnato (umidit� in atto);Asfaltata;Verticale ed orizzontale;Nuvoloso;Normale;Sufficiente;Sufficiente;1;0;0;1;12.4505;41.8972;-1;2;Autovettura privata;In marcia / fermata / arresto;Conducente;F;Illeso;0;;;
4631058;18;30/10/2019 20:30:00;Strada Urbana;VIA GREGORIO VII;in corrispondenza;;del civico n.;75;;Scontro laterale fra veicoli in marcia;Rettilineo;Pi� di due carreggiate;Bagnato (umidit� in atto);Asfaltata;Verticale ed orizzontale;Nuvoloso;Normale;Sufficiente;Sufficiente;1;0;0;1;12.4505;41.8972;-1;3;Autovettura privata;Sosta;;;;;;;
4631061;1;30/10/2019 23:50:00;Strada Urbana;LARGO DI TORRE ARGENTINA;in corrispondenza;;del civico n.;4;;Investimento di pedone;Curva a visuale libera;Una carreggiata a doppio senso;Asciutto;Asfaltata;Verticale ed orizzontale;Sereno;Scarso;Sufficiente;Sufficiente;1;0;0;1;12.4762;41.8961;-1;;;;Pedone;F;Rimandato;0;NON DECEDUTO;;
4631061;1;30/10/2019 23:50:00;Strada Urbana;LARGO DI TORRE ARGENTINA;in corrispondenza;;del civico n.;4;;Investimento di pedone;Curva a visuale libera;Una carreggiata a doppio senso;Asciutto;Asfaltata;Verticale ed orizzontale;Sereno;Scarso;Sufficiente;Sufficiente;1;0;0;1;12.4762;41.8961;-1;1;Motociclo a solo;In marcia / fermata / arresto;Conducente;M;Illeso;0;;;
4631064;7;30/10/2019 23:20:00;Strada Urbana;VIALE PALMIRO TOGLIATTI;in corrispondenza;;del civico n.;1282;;Veicolo in marcia contro ostacolo fisso;Rettilineo;Una carreggiata a doppio senso;Asciutto;Asfaltata;Assente;Nuvoloso;Scarso;Buona;Sufficiente;0;0;0;1;12.5758;41.9013;-1;1;Autotreno;In marcia / fermata / arresto;Conducente;M;Illeso;0;;Non accertato;Inesploso
4631076;18;31/10/2019 02:55:00;Strada Urbana;VIA TACITO;in corrispondenza;;del civico n.;15;;Veicolo in marcia contro veicolo fermo;Rettilineo;Una carreggiata a senso unico di marcia;Asciutto;Asfaltata;Verticale ed orizzontale;Sereno;Scarso;Buona;Sufficiente;0;0;0;3;12.4668;41.9079;-1;1;Autovettura pubblica;In marcia / fermata / arresto;Conducente;M;Illeso;0;;;
4631076;18;31/10/2019 02:55:00;Strada Urbana;VIA TACITO;in corrispondenza;;del civico n.;15;;Veicolo in marcia contro veicolo fermo;Rettilineo;Una carreggiata a senso unico di marcia;Asciutto;Asfaltata;Verticale ed orizzontale;Sereno;Scarso;Buona;Sufficiente;0;0;0;3;12.4668;41.9079;-1;2;Autovettura di polizia;In marcia / fermata / arresto;Conducente;M;Illeso;0;;;
4631076;18;31/10/2019 02:55:00;Strada Urbana;VIA TACITO;in corrispondenza;;del civico n.;15;;Veicolo in marcia contro veicolo fermo;Rettilineo;Una carreggiata a senso unico di marcia;Asciutto;Asfaltata;Verticale ed orizzontale;Sereno;Scarso;Buona;Sufficiente;0;0;0;3;12.4668;41.9079;-1;2;Autovettura di polizia;In marcia / fermata / arresto;Passeggero;M;Illeso;0;;;
4631104;10;30/10/2019 15:30:00;Strada Urbana;VIALE SPARTACO;in prossimit�;;del civico n.;98/100;;Scontro laterale fra veicoli in marcia;Rettilineo;Due carreggiate;Asciutto;Asfaltata;Orizzontale;Sereno;Normale;Buona;Ore Diurne;0;0;0;2;12.5591;41.8555;-1;1;Autovettura privata;In marcia / fermata / arresto;Conducente;M;Illeso;0;;Non accertato;Inesploso
4631104;10;30/10/2019 15:30:00;Strada Urbana;VIALE SPARTACO;in prossimit�;;del civico n.;98/100;;Scontro laterale fra veicoli in marcia;Rettilineo;Due carreggiate;Asciutto;Asfaltata;Orizzontale;Sereno;Normale;Buona;Ore Diurne;0;0;0;2;12.5591;41.8555;-1;2;Autovettura privata;In marcia / fermata / arresto;Conducente;M;Illeso;0;;Non accertato;Inesploso
4631125;15;30/10/2019 23:20:00;Strada Urbana;VIA ALBERTO EINSTEIN;da specificare;;;;fronte civ. 42;Veicolo in marcia contro ostacolo fisso;Rettilineo;Due carreggiate;Asciutto;Asfaltata;Assente;Sereno;Scarso;Buona;Sufficiente;0;0;0;2;12.469;41.8674;-1;1;Autovettura privata;In marcia / fermata / arresto;Conducente;M;Illeso;0;;Utilizzato;
4631125;15;30/10/2019 23:20:00;Strada Urbana;VIA ALBERTO EINSTEIN;da specificare;;;;fronte civ. 42;Veicolo in marcia contro ostacolo fisso;Rettilineo;Due carreggiate;Asciutto;Asfaltata;Assente;Sereno;Scarso;Buona;Sufficiente;0;0;0;2;12.469;41.8674;-1;1;Autovettura privata;In marcia / fermata / arresto;Passeggero;F;Illeso;0;;Non accertato;
4631133;10;31/10/2019 05:30:00;Strada Urbana;VIA LA SPEZIA;in corrispondenza;;del civico n.;61;;Scontro laterale fra veicoli in marcia;Rettilineo;Una carreggiata a doppio senso;Asciutto;Asfaltata;Verticale;Sereno;Scarso;Buona;Sufficiente;1;0;0;2;12.5157;41.8866;-1;1;Autobus di linea;In marcia / fermata / arresto;Conducente;M;Illeso;0;;Non accertato;Inesploso
4631133;10;31/10/2019 05:30:00;Strada Urbana;VIA LA SPEZIA;in corrispondenza;;del civico n.;61;;Scontro laterale fra veicoli in marcia;Rettilineo;Una carreggiata a doppio senso;Asciutto;Asfaltata;Verticale;Sereno;Scarso;Buona;Sufficiente;1;0;0;2;12.5157;41.8866;-1;2;Velocipede;In marcia / fermata / arresto;Conducente;M;Rimandato;0;NON DECEDUTO;Esente;
4631133;10;31/10/2019 05:30:00;Strada Urbana;VIA LA SPEZIA;in corrispondenza;;del civico n.;61;;Scontro laterale fra veicoli in marcia;Rettilineo;Una carreggiata a doppio senso;Asciutto;Asfaltata;Verticale;Sereno;Scarso;Buona;Sufficiente;1;0;0;2;12.5157;41.8866;-1;2;Velocipede;In marcia / fermata / arresto;Passeggero;M;Illeso;0;;Esente;
4631134;12;31/10/2019 07:00:00;Strada Urbana;VIA OSTIENSE;all'intersezione con;VIA SARSINA;VIA SARSINA;;;Scontro frontale/laterale SX fra veicoli in marcia;Intersezione stradale segnalata;Una carreggiata a doppio senso;Asciutto;Asfaltata;Verticale ed orizzontale;Sereno;Intenso;Buona;Ore Diurne;1;0;0;1;12.4062;41.7962;-1;1;Autovettura privata;In marcia / fermata / arresto;Conducente;F;Illeso;0;;Utilizzato;Inesploso
4631134;12;31/10/2019 07:00:00;Strada Urbana;VIA OSTIENSE;all'intersezione con;VIA SARSINA;VIA SARSINA;;;Scontro frontale/laterale SX fra veicoli in marcia;Intersezione stradale segnalata;Una carreggiata a doppio senso;Asciutto;Asfaltata;Verticale ed orizzontale;Sereno;Intenso;Buona;Ore Diurne;1;0;0;1;12.4062;41.7962;-1;2;Motociclo a solo;In marcia / fermata / arresto;Conducente;M;Ricoverato;0;NON DECEDUTO;;
4631141;10;31/10/2019 02:00:00;Strada Urbana;VIA ISERNIA;all'intersezione con;VIA LA SPEZIA;VIA LA SPEZIA;;;Veicolo in marcia contro veicoli in sosta;Intersezione non regolata/non segnalata;Una carreggiata a doppio senso;Asciutto;Asfaltata;Verticale ed orizzontale;Sereno;Scarso;Sufficiente;Sufficiente;0;0;0;2;12.5145;41.8862;-1;1;Autovettura di polizia;In marcia / fermata / arresto;Conducente;M;Illeso;0;;Esente;Esploso
4631141;10;31/10/2019 02:00:00;Strada Urbana;VIA ISERNIA;all'intersezione con;VIA LA SPEZIA;VIA LA SPEZIA;;;Veicolo in marcia contro veicoli in sosta;Intersezione non regolata/non segnalata;Una carreggiata a doppio senso;Asciutto;Asfaltata;Verticale ed orizzontale;Sereno;Scarso;Sufficiente;Sufficiente;0;0;0;2;12.5145;41.8862;-1;1;Autovettura di polizia;In marcia / fermata / arresto;Passeggero;M;Illeso;0;;Non accertato;Esploso
4631141;10;31/10/2019 02:00:00;Strada Urbana;VIA ISERNIA;all'intersezione con;VIA LA SPEZIA;VIA LA SPEZIA;;;Veicolo in marcia contro veicoli in sosta;Intersezione non regolata/non segnalata;Una carreggiata a doppio senso;Asciutto;Asfaltata;Verticale ed orizzontale;Sereno;Scarso;Sufficiente;Sufficiente;0;0;0;2;12.5145;41.8862;-1;2;Autovettura privata;Sosta;;;;;;;
4631141;10;31/10/2019 02:00:00;Strada Urbana;VIA ISERNIA;all'intersezione con;VIA LA SPEZIA;VIA LA SPEZIA;;;Veicolo in marcia contro veicoli in sosta;Intersezione non regolata/non segnalata;Una carreggiata a doppio senso;Asciutto;Asfaltata;Verticale ed orizzontale;Sereno;Scarso;Sufficiente;Sufficiente;0;0;0;2;12.5145;41.8862;-1;3;Autovettura privata;Sosta;;;;;;;
4631166;13;30/10/2019 16:20:00;Strada Urbana;VIA DEL FOSSO DI DRAGONCELLO;da specificare;;;;viadotto ferrovia Roma-Lido;Veicolo in marcia contro ostacolo fisso;Sottopasso non illuminato;Una carreggiata a doppio senso;Asciutto;Asfaltata;Verticale;Sereno;Normale;Buona;Ore Diurne;0;0;0;2;12.3299;41.7577;0;1;Autocarro inferiore 35 q.;In marcia / fermata / arresto;Conducente;M;Illeso;0;;Non accertato;Inesploso
4631166;13;30/10/2019 16:20:00;Strada Urbana;VIA DEL FOSSO DI DRAGONCELLO;da specificare;;;;viadotto ferrovia Roma-Lido;Veicolo in marcia contro ostacolo fisso;Sottopasso non illuminato;Una carreggiata a doppio senso;Asciutto;Asfaltata;Verticale;Sereno;Normale;Buona;Ore Diurne;0;0;0;2;12.3299;41.7577;0;1;Autocarro inferiore 35 q.;In marcia / fermata / arresto;Passeggero;M;Illeso;0;;Non accertato;Inesploso
4631178;8;30/10/2019 19:50:00;Strada Urbana;VIA DI TORRE SPACCATA;all'intersezione con;VIALE DI TORRE MAURA;VIALE DI TORRE MAURA;;;Scontro frontale/laterale DX fra veicoli in marcia;Intersezione semaforizzata;Una carreggiata a doppio senso;Asciutto;Asfaltata;Verticale ed orizzontale;Nuvoloso;Normale;Sufficiente;Sufficiente;1;0;0;2;12.5832;41.8584;-1;1;Autovettura privata;In marcia / fermata / arresto;Conducente;M;Illeso;0;;Non accertato;
4631178;8;30/10/2019 19:50:00;Strada Urbana;VIA DI TORRE SPACCATA;all'intersezione con;VIALE DI TORRE MAURA;VIALE DI TORRE MAURA;;;Scontro frontale/laterale DX fra veicoli in marcia;Intersezione semaforizzata;Una carreggiata a doppio senso;Asciutto;Asfaltata;Verticale ed orizzontale;Nuvoloso;Normale;Sufficiente;Sufficiente;1;0;0;2;12.5832;41.8584;-1;1;Autovettura privata;In marcia / fermata / arresto;Passeggero;F;Rifiuta cure immediate;0;NON DECEDUTO;Non accertato;Inesploso
4631178;8;30/10/2019 19:50:00;Strada Urbana;VIA DI TORRE SPACCATA;all'intersezione con;VIALE DI TORRE MAURA;VIALE DI TORRE MAURA;;;Scontro frontale/laterale DX fra veicoli in marcia;Intersezione semaforizzata;Una carreggiata a doppio senso;Asciutto;Asfaltata;Verticale ed orizzontale;Nuvoloso;Normale;Sufficiente;Sufficiente;1;0;0;2;12.5832;41.8584;-1;2;Autovettura privata;In marcia / fermata / arresto;Conducente;M;Illeso;0;;;
4631183;1;30/10/2019 16:00:00;Strada Urbana;VIA VENTI SETTEMBRE;in prossimit�;;del palo luce n.;37;;Scontro frontale/laterale DX fra veicoli in marcia;Rettilineo;Pi� di due carreggiate;Asciutto;Asfaltata;Verticale ed orizzontale;Sereno;Normale;Buona;Ore Diurne;1;0;0;1;12.496;41.9056;-1;1;Autovettura privata;In marcia / fermata / arresto;Conducente;M;Illeso;0;;Non accertato;Inesploso
4631183;1;30/10/2019 16:00:00;Strada Urbana;VIA VENTI SETTEMBRE;in prossimit�;;del palo luce n.;37;;Scontro frontale/laterale DX fra veicoli in marcia;Rettilineo;Pi� di due carreggiate;Asciutto;Asfaltata;Verticale ed orizzontale;Sereno;Normale;Buona;Ore Diurne;1;0;0;1;12.496;41.9056;-1;2;Velocipede;In marcia / fermata / arresto;Conducente;M;Rimandato;0;NON DECEDUTO;Esente;
4631188;8;30/10/2019 14:45:00;Strada Urbana;VIA CASILINA;all'intersezione con;VIA DEL PONTE DELLA CATENA;VIA DEL PONTE DELLA CATENA;;;Tamponamento;Incrocio;Una carreggiata a doppio senso;Asciutto;Asfaltata;Verticale ed orizzontale;Sereno;Normale;Buona;Ore Diurne;1;0;0;3;12.6604;41.8646;-1;1;Autovettura privata;In marcia / fermata / arresto;Conducente;M;Illeso;0;;Non accertato;Inesploso
4631188;8;30/10/2019 14:45:00;Strada Urbana;VIA CASILINA;all'intersezione con;VIA DEL PONTE DELLA CATENA;VIA DEL PONTE DELLA CATENA;;;Tamponamento;Incrocio;Una carreggiata a doppio senso;Asciutto;Asfaltata;Verticale ed orizzontale;Sereno;Normale;Buona;Ore Diurne;1;0;0;3;12.6604;41.8646;-1;1;Autovettura privata;In marcia / fermata / arresto;Passeggero;M;Illeso;0;;Non accertato;Inesploso
4631188;8;30/10/2019 14:45:00;Strada Urbana;VIA CASILINA;all'intersezione con;VIA DEL PONTE DELLA CATENA;VIA DEL PONTE DELLA CATENA;;;Tamponamento;Incrocio;Una carreggiata a doppio senso;Asciutto;Asfaltata;Verticale ed orizzontale;Sereno;Normale;Buona;Ore Diurne;1;0;0;3;12.6604;41.8646;-1;1;Autovettura privata;In marcia / fermata / arresto;Passeggero;M;Illeso;0;;Non accertato;Inesploso
4631188;8;30/10/2019 14:45:00;Strada Urbana;VIA CASILINA;all'intersezione con;VIA DEL PONTE DELLA CATENA;VIA DEL PONTE DELLA CATENA;;;Tamponamento;Incrocio;Una carreggiata a doppio senso;Asciutto;Asfaltata;Verticale ed orizzontale;Sereno;Normale;Buona;Ore Diurne;1;0;0;3;12.6604;41.8646;-1;2;Autovettura privata;In marcia / fermata / arresto;Conducente;M;Rifiuta cure immediate;0;NON DECEDUTO;Non accertato;Inesploso
4631197;13;30/10/2019 10:48:00;Strada Urbana;VIA S. MONICA;all'intersezione con;VIALE DELLA MARINA;VIALE DELLA MARINA;;;Veicolo in marcia contro veicolo fermo;Incrocio;Una carreggiata a senso unico di marcia;Asciutto;Asfaltata;Verticale ed orizzontale;Nuvoloso;Scarso;Buona;Ore Diurne;0;0;0;2;12.2781;41.7308;-1;1;Autovettura privata;In marcia / fermata / arresto;Conducente;M;Illeso;0;;;
4631197;13;30/10/2019 10:48:00;Strada Urbana;VIA S. MONICA;all'intersezione con;VIALE DELLA MARINA;VIALE DELLA MARINA;;;Veicolo in marcia contro veicolo fermo;Incrocio;Una carreggiata a senso unico di marcia;Asciutto;Asfaltata;Verticale ed orizzontale;Nuvoloso;Scarso;Buona;Ore Diurne;0;0;0;2;12.2781;41.7308;-1;2;Autovettura privata;In marcia / fermata / arresto;Conducente;M;Illeso;0;;;
4631199;8;30/10/2019 10:30:00;Strada Urbana;VIA BORGHESIANA;all'intersezione con;VIA TORREGROTTA;VIA TORREGROTTA;;;Scontro frontale/laterale SX fra veicoli in marcia;Intersezione stradale segnalata;Una carreggiata a doppio senso;Asciutto;Asfaltata;Verticale ed orizzontale;Nuvoloso;Normale;Buona;Ore Diurne;1;0;0;1;12.6724;41.8765;-1;1;Autovettura privata;In marcia / fermata / arresto;Conducente;M;Illeso;0;;Non accertato;Inesploso
4631199;8;30/10/2019 10:30:00;Strada Urbana;VIA BORGHESIANA;all'intersezione con;VIA TORREGROTTA;VIA TORREGROTTA;;;Scontro frontale/laterale SX fra veicoli in marcia;Intersezione stradale segnalata;Una carreggiata a doppio senso;Asciutto;Asfaltata;Verticale ed orizzontale;Nuvoloso;Normale;Buona;Ore Diurne;1;0;0;1;12.6724;41.8765;-1;2;Autovettura privata;In marcia / fermata / arresto;Conducente;F;Rifiuta cure immediate;0;NON DECEDUTO;Non accertato;Inesploso
4631204;8;30/10/2019 12:15:00;Strada Urbana;VIA FERNANDO CONTI;all'intersezione con;VIA AMICO ASPERTINI;VIA AMICO ASPERTINI;;;Scontro frontale/laterale DX fra veicoli in marcia;Incrocio;Una carreggiata a senso unico di marcia;Asciutto;Asfaltata;Verticale;Nuvoloso;Normale;Buona;Ore Diurne;0;0;0;1;12.6324;41.8682;-1;1;Autovettura privata;In marcia / fermata / arresto;Conducente;F;Illeso;0;;Non accertato;Inesploso
4631204;8;30/10/2019 12:15:00;Strada Urbana;VIA FERNANDO CONTI;all'intersezione con;VIA AMICO ASPERTINI;VIA AMICO ASPERTINI;;;Scontro frontale/laterale DX fra veicoli in marcia;Incrocio;Una carreggiata a senso unico di marcia;Asciutto;Asfaltata;Verticale;Nuvoloso;Normale;Buona;Ore Diurne;0;0;0;1;12.6324;41.8682;-1;2;Autovettura privata;Allontanatosi;;;;;;;
4631211;8;30/10/2019 18:00:00;Strada Urbana;VIA DEL FOSSO DI S. MAURA;all'intersezione con;VIALE ANTONIO CIAMARRA;VIALE ANTONIO CIAMARRA;;;Tamponamento;Intersezione semaforizzata;Una carreggiata a senso unico di marcia;Asciutto;Asfaltata;Verticale ed orizzontale;Sereno;Intenso;Buona;Sufficiente;1;0;0;3;12.5947;41.858;-1;1;Autovettura privata;In marcia / fermata / arresto;Conducente;F;Illeso;0;;Non accertato;
4631211;8;30/10/2019 18:00:00;Strada Urbana;VIA DEL FOSSO DI S. MAURA;all'intersezione con;VIALE ANTONIO CIAMARRA;VIALE ANTONIO CIAMARRA;;;Tamponamento;Intersezione semaforizzata;Una carreggiata a senso unico di marcia;Asciutto;Asfaltata;Verticale ed orizzontale;Sereno;Intenso;Buona;Sufficiente;1;0;0;3;12.5947;41.858;-1;1;Autovettura privata;In marcia / fermata / arresto;Passeggero;F;Illeso;0;;Non accertato;Inesploso
4631211;8;30/10/2019 18:00:00;Strada Urbana;VIA DEL FOSSO DI S. MAURA;all'intersezione con;VIALE ANTONIO CIAMARRA;VIALE ANTONIO CIAMARRA;;;Tamponamento;Intersezione semaforizzata;Una carreggiata a senso unico di marcia;Asciutto;Asfaltata;Verticale ed orizzontale;Sereno;Intenso;Buona;Sufficiente;1;0;0;3;12.5947;41.858;-1;2;Autovettura privata;In marcia / fermata / arresto;Conducente;M;Rifiuta cure immediate;0;NON DECEDUTO;;
4631211;8;30/10/2019 18:00:00;Strada Urbana;VIA DEL FOSSO DI S. MAURA;all'intersezione con;VIALE ANTONIO CIAMARRA;VIALE ANTONIO CIAMARRA;;;Tamponamento;Intersezione semaforizzata;Una carreggiata a senso unico di marcia;Asciutto;Asfaltata;Verticale ed orizzontale;Sereno;Intenso;Buona;Sufficiente;1;0;0;3;12.5947;41.858;-1;2;Autovettura privata;In marcia / fermata / arresto;Passeggero;F;Illeso;0;;Non accertato;Inesploso
4631221;13;31/10/2019 08:50:00;Strada Urbana;VIA DELLE QUINQUEREMI;all'intersezione con;PIAZZA DEI CANOTTI;PIAZZA DEI CANOTTI;;;Scontro frontale/laterale DX fra veicoli in marcia;Incrocio;Una carreggiata a doppio senso;Asciutto;Asfaltata;Verticale ed orizzontale;Sereno;Intenso;Buona;Ore Diurne;2;0;0;1;12.2969;41.7231;-1;1;Autovettura privata;In marcia / fermata / arresto;Conducente;M;Rifiuta cure immediate;0;NON DECEDUTO;Utilizzato;Inesploso
4631221;13;31/10/2019 08:50:00;Strada Urbana;VIA DELLE QUINQUEREMI;all'intersezione con;PIAZZA DEI CANOTTI;PIAZZA DEI CANOTTI;;;Scontro frontale/laterale DX fra veicoli in marcia;Incrocio;Una carreggiata a doppio senso;Asciutto;Asfaltata;Verticale ed orizzontale;Sereno;Intenso;Buona;Ore Diurne;2;0;0;1;12.2969;41.7231;-1;1;Autovettura privata;In marcia / fermata / arresto;Passeggero;M;Rifiuta cure immediate;0;NON DECEDUTO;Utilizzato;Inesploso
4631221;13;31/10/2019 08:50:00;Strada Urbana;VIA DELLE QUINQUEREMI;all'intersezione con;PIAZZA DEI CANOTTI;PIAZZA DEI CANOTTI;;;Scontro frontale/laterale DX fra veicoli in marcia;Incrocio;Una carreggiata a doppio senso;Asciutto;Asfaltata;Verticale ed orizzontale;Sereno;Intenso;Buona;Ore Diurne;2;0;0;1;12.2969;41.7231;-1;2;Autovettura privata;In marcia / fermata / arresto;Conducente;M;Illeso;0;;Utilizzato;Inesploso
4631226;8;30/10/2019 10:05:00;Strada Urbana;VIA DI TOR BELLA MONACA;da specificare;;;;circ. 30 mt prima dell'ints. v.le D. CAMBELLOTTI;Scontro laterale fra veicoli in marcia;Rettilineo;Una carreggiata a senso unico di marcia;Asciutto;Asfaltata;Orizzontale;Sereno;Normale;Buona;Ore Diurne;1;0;0;3;12.6281;41.8764;-1;1;Autovettura privata;In marcia / fermata / arresto;Conducente;M;Illeso;0;;Non accertato;Inesploso
4631226;8;30/10/2019 10:05:00;Strada Urbana;VIA DI TOR BELLA MONACA;da specificare;;;;circ. 30 mt prima dell'ints. v.le D. CAMBELLOTTI;Scontro laterale fra veicoli in marcia;Rettilineo;Una carreggiata a senso unico di marcia;Asciutto;Asfaltata;Orizzontale;Sereno;Normale;Buona;Ore Diurne;1;0;0;3;12.6281;41.8764;-1;1;Autovettura privata;In marcia / fermata / arresto;Passeggero;F;Illeso;0;;Non accertato;Inesploso